nom,url,preu,stock
Alta Tensión: El Juego de Cartas,https://mathom.es/es/alta-tension/37250-alta-tension-el-juego-de-cartas-8435407613478.html,"15,96 €", En stock 
Café Race,https://mathom.es/es/ofertas/37309-cafe-race-8437007925005.html,"6,48 €", En stock 
Camarero!,https://mathom.es/es/ofertas/37311-camarero-8437007925258.html,"6,98 €", En stock 
City Council (Inglés),https://mathom.es/es/ofertas/36308-city-council-ingles-700621091554.html,"26,21 €", En stock 
Conan: Aquilonia - Flor de Occidente...,https://mathom.es/es/ofertas/37308-aquilonia-flor-de-occidente-9788495830760.html,"23,97 €", En stock 
Crowdfunding: El Juego,https://mathom.es/es/crowfunding/34217-crowdfunding-el-juego.html,"18,71 €", En stock 
Dados Hipster: Aquapunk,https://mathom.es/es/dados-hipster/37368-dados-hipster-aquapunk-8435407609860.html,"3,96 €", En stock 
Dados Hipster: Cupcake Vintage,https://mathom.es/es/dados-hipster/37371-dados-hipster-cupcake-vintage-8435407609907.html,"3,96 €", En stock 
Dados Hipster: Denim Crujiente,https://mathom.es/es/dados-hipster/37370-dados-hipster-denim-crujiente-8435407609921.html,"3,96 €", En stock 
Dados Hipster: Indiferencia Cromática,https://mathom.es/es/dados-hipster/37369-dados-hipster-indiferencia-cromatica-8435407609884.html,"3,96 €", En stock 
Deal: American Dream (Inglés),https://mathom.es/es/ofertas/36243-deal-american-dream-ingles-3770003625384.html,"37,46 €", En stock 
Dice Masters: Civil War - Set de Inicio...,https://mathom.es/es/sets-basicos-y-sobres/36394-dice-masters-civil-war-set-de-inicio-castellano-italiano-promo-0362756920385.html,"7,98 €", Agotado 
Dungeons & Dragons: Guía del...,https://mathom.es/es/ofertas/16189-guia-del-dungeon-master-2.html,"15,00 €", En stock 
Dungeons & Dragons: Manual de los Planos,https://mathom.es/es/ofertas/31039-manual-de-los-planos.html,"13,50 €", En stock 
Dungeons & Dragons: Poderes Marciales,https://mathom.es/es/ofertas/31038-poderes-marciales-9788496934740.html,"15,00 €", En stock 
El Hobbit: El Oro Encantado,https://mathom.es/es/el-hobbit/35264-el-hobbit-el-oro-encantado-8436017221848.html,"8,80 €", Agotado 
El Señor de los Anillos: La...,https://mathom.es/es/el-senor-de-los-anillos-la-batalla-por-la-tierra-media/35286-el-senor-de-los-anillos-la-batalla-por-la-tierra-media-8436017221404.html,"5,99 €", En stock 
Gol,https://mathom.es/es/gol/31622-gol-8436017221589.html,"5,00 €", En stock 
Intrigas de Palacio,https://mathom.es/es/ofertas/37310-intrigas-de-palacio-8437007925289.html,"6,98 €", En stock 
Juego de Tronos: El Trono de Hierro,https://mathom.es/es/ofertas/37981-juego-de-tronos-el-trono-de-hierro-8435407613003.html,"38,96 €", En stock 
Kingz,https://mathom.es/es/kingz/37008-kingz-3760008425249.html,"9,72 €", En stock 
Los Pilares de la Tierra (Juego de Cartas),https://mathom.es/es/los-pilares-de-la-tierra/34825-los-pilares-de-la-tierra-juego-de-cartas-8436017220612.html,"5,00 €", En stock 
Martinique,https://mathom.es/es/ofertas/37206-martinique-8437007925166.html,"15,60 €", En stock 
Mistfall,https://mathom.es/es/mistfall/36049-mistfall-6425453000249.html,"41,24 €", En stock 
Myths at War (Inglés),https://mathom.es/es/myths-at-war-ingles/35642-myths-at-war-8437012332621.html,"8,00 €", En stock 
Odyssey: La Ira de Poseidón,https://mathom.es/es/odyssey-la-ira-de-poseidon/36407-odyssey-la-ira-de-poseidon-8436017223415.html,"18,00 €", En stock 
Perdidos en R'lyeh,https://mathom.es/es/perdidos-en-r-lyeh/37656-perdidos-en-r-lyeh-8435407614499.html,"11,96 €", En stock 
Plus Ultra,https://mathom.es/es/plus-ultra/36241-plus-ultra-5904262001216.html,"29,96 €", En stock 
Res Publica: 2230AD (Inglés),https://mathom.es/es/res-publica-2230ad/35625-res-publica-2230ad-ingles-0799475329227.html,"14,96 €", En stock 
Runewars: Arqueros Reanimados,https://mathom.es/es/runewars/37893-runewars-arqueros-reanimados-8435407614888.html,"14,97 €", En stock 
Runewars: Caballería Juramentada,https://mathom.es/es/runewars/37891-runewars-caballeria-juramentada-8435407614789.html,"14,97 €", Agotado 
Runewars: Grupo de Mando de...,https://mathom.es/es/runewars/37887-runewars-grupo-de-mando-de-infanteria-de-daqan-8435407614826.html,"14,97 €", En stock 
Star Wars Pocketmodel TCG - 30th...,https://mathom.es/es/ofertas/37706-star-wars-pocketmodel-tcg-30th-anniversary-collector-s-tin.html,"13,98 €", En stock 
Star Wars Pocketmodel TCG - 30th...,https://mathom.es/es/ofertas/37712-star-wars-pocketmodel-tcg-30th-anniversary-collector-s-tin-battle-of-hoth-9781590415085.html,"13,98 €", En stock 
Star Wars Pocketmodel TCG: Force...,https://mathom.es/es/ofertas/37710-star-wars-pocketmodel-tcg-force-unleashed-collector-s-tin-9781590416075.html,"9,79 €", En stock 
Star Wars Pocketmodel TCG: Elite...,https://mathom.es/es/ofertas/37714-star-wars-pocketmodel-tcg-elite-assault-theme-deck-order-66-9781590415764.html,"4,49 €", En stock 
Star Wars Pocketmodel TCG: Jedi Command...,https://mathom.es/es/ofertas/37707-star-wars-pocketmodel-tcg-jedi-command-theme-deck-tactics-807652037527.html,"2,99 €", En stock 
Star Wars Pocketmodel TCG: Sobre Clone...,https://mathom.es/es/ofertas/37708-star-wars-pocketmodel-tcg-sobre-clone-wars-tactics-9781590416990.html,"1,80 €", En stock 
Star Wars Pocketmodel TCG: Sobre Ground...,https://mathom.es/es/ofertas/37711-star-wars-pocketmodel-tcg-sobre-ground-assault-9781590416990.html,"1,80 €", En stock 
Sugi,https://mathom.es/es/sugi/36419-sugi-847012332683.html,"16,22 €", En stock 
Vampiro La Mascarada: Cazadores Cazados...,https://mathom.es/es/ofertas/34717-vampiro-la-mascarada-cazadores-cazados-ii-edicion-deluxe.html,"38,99 €", En stock 
Zombie: Enter the Zombie (Esquina Rozada),https://mathom.es/es/ofertas/37264-zombie-enter-the-zombie-esquinas-rozadas-8495830159.html,"13,46 €", En stock 
Tanks: Soviet IS-2,https://mathom.es/es/tanks-panther-vs-sherman/36928-tanks-soviet-is-2.html,"7,19 €", En stock 
Tanks: Soviet ISU-152,https://mathom.es/es/tanks-panther-vs-sherman/36929-tanks-soviet-isu-152.html,"7,19 €", En stock 
Tanks: Soviet SU-100,https://mathom.es/es/tanks-panther-vs-sherman/36926-tanks-soviet-su-100.html,"7,19 €", En stock 
"Tanks: Tapete Playa de Normandía 36"" x 36""",https://mathom.es/es/tanks-panther-vs-sherman/36882-tanks-tapete-playa-de-normandia-36-x-36.html,"24,00 €", En stock 
La cosa de la orilla / Desde las...,https://mathom.es/es/ciclo-desde-las-profundidades-7-12/13171-la-cosa-de-la-orilla-desde-las-profundidades.html,"9,72 €", En stock 
Carta de Resina Casa Martell,https://mathom.es/es/accesorios-y-material-promocional/5560-carta-de-resina-casa-martell.html,"15,96 €", En stock 
Juego de Tronos LCG: Caja Básica,https://mathom.es/es/caja-basica-y-expansiones/5539-juego-de-tronos-lcg-caja-basica.html,"25,97 €", En stock 
Juego de Tronos: Leones de la Roca,https://mathom.es/es/caja-basica-y-expansiones/5577-leones-de-la-roca.html,"19,47 €", En stock 
Juego de Tronos: Reyes de la Tormenta,https://mathom.es/es/caja-basica-y-expansiones/5568-reyes-de-la-tormenta.html,"19,47 €", En stock 
Juego de Tronos: Señores del Invierno,https://mathom.es/es/caja-basica-y-expansiones/5561-senores-del-invierno.html,"19,47 €", En stock 
Vientos de Invierno / Tiempo de Cuervos 2,https://mathom.es/es/ciclo-tiempo-de-cuervos-7-12/5541-vientos-de-invierno-tiempo-de-cuervos-2.html,"9,72 €", En stock 
Cambio de Estaciones / Tiempo de Cuervos 3,https://mathom.es/es/ciclo-tiempo-de-cuervos-7-12/5542-cambio-de-estaciones-tiempo-de-cuervos-3.html,"9,72 €", En stock 
Canción de Cuervos / Tiempo de Cuervos 4,https://mathom.es/es/ciclo-tiempo-de-cuervos-7-12/5543-cancion-de-cuervos-tiempo-de-cuervos-4.html,"9,72 €", En stock 
Refugiados de Guerra / Tiempo de Cuervos 5,https://mathom.es/es/ciclo-tiempo-de-cuervos-7-12/5544-refugiados-de-guerra-tiempo-de-cuervos-5.html,"9,72 €", En stock 
Ejercitos Dispersos / Tiempo de Cuervos 6,https://mathom.es/es/ciclo-tiempo-de-cuervos-7-12/5545-ejercitos-dispersos-tiempo-de-cuervos-6.html,"9,72 €", En stock 
Tiempo de Tribulaciones / Desembarco...,https://mathom.es/es/ciclo-desembarco-del-rey-13-18/5547-tiempo-de-tribulaciones-desembarco-del-rey.html,"6,47 €", En stock 
La Torre de La Mano / Desembarco del Rey,https://mathom.es/es/ciclo-desembarco-del-rey-13-18/5548-la-torre-de-la-mano-desembarco-del-rey.html,"6,47 €", En stock 
Cuentos de La Fortaleza Roja /...,https://mathom.es/es/ciclo-desembarco-del-rey-13-18/5549-cuentos-de-la-fortaleza-roja-desembarco-del-rey.html,"6,47 €", En stock 
Secretos y Espías / Desembarco del Rey,https://mathom.es/es/ciclo-desembarco-del-rey-13-18/5550-secretos-y-espias-desembarco-del-rey.html,"6,47 €", En stock 
La Batalla de Aguasnegras / Desembarco...,https://mathom.es/es/ciclo-desembarco-del-rey-13-18/5551-la-batalla-de-aguasnegras-desembarco-del-rey.html,"6,47 €", En stock 
Lobos del Norte / Defensores del Norte 1,https://mathom.es/es/ciclo-defensores-del-norte-19-24/5554-lobos-del-norte-defensores-del-norte-1.html,"9,72 €", En stock 
Más Allá del Muro / Defensores del Norte 2,https://mathom.es/es/ciclo-defensores-del-norte-19-24/5555-mas-alla-del-muro-defensores-del-norte-2.html,"9,72 €", En stock 
Una Espada en la Oscuridad / Defensores...,https://mathom.es/es/ciclo-defensores-del-norte-19-24/5556-una-espada-en-la-oscuridad-defensores-del-norte-3.html,"9,72 €", En stock 
La Horda de los Salvajes / Defensores...,https://mathom.es/es/ciclo-defensores-del-norte-19-24/5557-la-horda-de-los-salvajes-defensores-del-norte-4.html,"9,72 €", En stock 
Un Rey en el Norte / Defensores del...,https://mathom.es/es/ciclo-defensores-del-norte-19-24/5558-un-rey-en-el-norte-defensores-del-norte-5.html,"9,72 €", En stock 
El Regreso de los Otros / Defensores...,https://mathom.es/es/ciclo-defensores-del-norte-19-24/5559-el-regreso-de-los-otros-defensores-del-norte-6.html,"9,72 €", En stock 
El Regalo de Illiryo / Hermandad sin...,https://mathom.es/es/ciclo-hermandad-sin-estandartes-25-30/5562-el-regalo-de-illiryo-hermandad-sin-estandartes.html,"9,72 €", En stock 
Rituales de Rhllor / Hermandad sin...,https://mathom.es/es/ciclo-hermandad-sin-estandartes-25-30/5563-rituales-de-rhllor-hermandad-sin-estandartes.html,"9,72 €", En stock 
Las Montañas de la Luna /...,https://mathom.es/es/ciclo-hermandad-sin-estandartes-25-30/5564-las-montanas-de-la-luna-hermandad-sin-estandartes.html,"9,72 €", En stock 
Las Puertas de La Ciudadela / Secretos...,https://mathom.es/es/ciclo-secretos-de-antigua-31-36/5570-las-puertas-de-la-ciudadela-secretos-de-antigua.html,"9,72 €", En stock 
Llamado por el Cónclave /...,https://mathom.es/es/ciclo-secretos-de-antigua-31-36/5572-llamado-por-el-conclave-secretos-de-antigua.html,"9,72 €", En stock 
La Isla de los Cuervos / Secretos de...,https://mathom.es/es/ciclo-secretos-de-antigua-31-36/5573-la-isla-de-los-cuervos-secretos-de-antigua.html,"9,72 €", En stock 
La Máscara del Archimaestre /...,https://mathom.es/es/ciclo-secretos-de-antigua-31-36/5574-la-mascara-del-archimaestre-secretos-de-antigua.html,"9,72 €", En stock 
A Su Servicio / Secretos de Antigua,https://mathom.es/es/ciclo-secretos-de-antigua-31-36/5575-a-su-servicio-secretos-de-antigua.html,"9,72 €", En stock 
El Torneo de La Mano / Un Cuento de...,https://mathom.es/es/ciclo-un-cuento-de-campeones-37-42/5578-el-torneo-de-la-mano-un-cuento-de-campeones.html,"9,72 €", En stock 
En Tierra Peligrosa / Un Cuento de...,https://mathom.es/es/ciclo-un-cuento-de-campeones-37-42/5580-en-tierra-peligrosa-un-cuento-de-campeones.html,"9,72 €", En stock 
Donde Reside la Lealtad / Un Cuento de...,https://mathom.es/es/ciclo-un-cuento-de-campeones-37-42/5581-donde-reside-la-lealtad-un-cuento-de-campeones.html,"9,72 €", En stock 
Juicio por Combate / Un Cuento de...,https://mathom.es/es/ciclo-un-cuento-de-campeones-37-42/5582-juicio-por-combate-un-cuento-de-campeones.html,"9,72 €", En stock 
Una Lanza Envenenada / Un Cuento de...,https://mathom.es/es/ciclo-un-cuento-de-campeones-37-42/5583-una-lanza-envenenada-un-cuento-de-campeones.html,"9,72 €", En stock 
Valar Morghulis / Más Allá del Mar Angosto,https://mathom.es/es/ciclo-mas-alla-del-mar-angosto-43-48/5584-valar-morghulis-mas-alla-del-mar-angosto.html,"9,72 €", En stock 
Valar Dohaeris / Más Allá del Mar Angosto,https://mathom.es/es/ciclo-mas-alla-del-mar-angosto-43-48/5585-valar-dohaeris-mas-alla-del-mar-angosto.html,"9,72 €", En stock 
Cacería de Dragones / Más...,https://mathom.es/es/ciclo-mas-alla-del-mar-angosto-43-48/5586-caceria-de-dragones-mas-alla-del-mar-angosto.html,"9,72 €", En stock 
Un Amo Severo / Más Allá del Mar Angosto,https://mathom.es/es/ciclo-mas-alla-del-mar-angosto-43-48/5587-un-amo-severo-mas-alla-del-mar-angosto.html,"9,72 €", En stock 
La Casa de Blanco y Negro / Más...,https://mathom.es/es/ciclo-mas-alla-del-mar-angosto-43-48/5588-la-casa-de-blanco-y-negro-mas-alla-del-mar-angosto.html,"9,72 €", En stock 
Jugar a los Dados / Más...,https://mathom.es/es/ciclo-mas-alla-del-mar-angosto-43-48/5589-jugar-a-los-dados-mas-alla-del-mar-angosto.html,"9,72 €", En stock 
Al Alcance del Kraken / Canción del Mar,https://mathom.es/es/ciclo-cancion-del-mar-49-54/16196-al-alcance-del-kraken-cancion-del-mar.html,"9,72 €", En stock 
La Gran Flota / Canción del Mar,https://mathom.es/es/ciclo-cancion-del-mar-49-54/20811-la-gran-flota-cancion-del-mar.html,"9,72 €", En stock 
Los Piratas de Lys / Canción del Mar,https://mathom.es/es/ciclo-cancion-del-mar-49-54/21809-los-piratas-de-lys-cancion-del-mar.html,"9,72 €", En stock 
La Orden del Capitán / Canción del Mar,https://mathom.es/es/ciclo-cancion-del-mar-49-54/25637-la-orden-del-capitan-cancion-del-mar.html,"9,72 €", En stock 
El Final de una Travesía / Canción del Mar,https://mathom.es/es/ciclo-cancion-del-mar-49-54/25911-el-final-de-una-travesia-cancion-del-mar.html,"9,72 €", En stock 
La Guardia Real / El Camino Real 3,https://mathom.es/es/ciclo-el-camino-real-55-60/29363-la-guardia-real-el-camino-real-3.html,"9,72 €", En stock 
Un Plan Inescrutable - El Camino Real 6,https://mathom.es/es/ciclo-el-camino-real-55-60/30981-un-plan-inescrutable-el-camino-real-6.html,"9,72 €", En stock 
La Guerra de los Cinco Reyes / Choque...,https://mathom.es/es/ciclo-choque-de-armas-1-6/25706-la-guerra-de-los-cinco-reyes-choque-de-armas-1.html,"9,72 €", En stock 
Enemigos Ancestrales / Choque de Armas 2,https://mathom.es/es/ciclo-choque-de-armas-1-6/25709-enemigos-ancestrales-choque-de-armas-2.html,"9,72 €", En stock 
Lazos Sagrados / Choque de Armas 3,https://mathom.es/es/ciclo-choque-de-armas-1-6/25913-lazos-sagrados-choque-de-armas-3.html,"9,72 €", En stock 
Batallas Épicas / Choque de Armas 4,https://mathom.es/es/ciclo-choque-de-armas-1-6/25914-batallas-epicas-choque-de-armas-4.html,"9,72 €", En stock 
Fuego Hecho Carne / Conquista y Desafío 3,https://mathom.es/es/ciclo-conquista-y-desafio-61-66/31867-fuego-hecho-carne-conquista-y-desafio-3.html,"9,72 €", En stock 
Conspiraciones y Secretos / Guardianes 1,https://mathom.es/es/ciclo-guardianes-67-72/34250-conspiraciones-y-secretos-guardianes-1.html,"9,72 €", En stock 
Un Juego Letal / Guardianes 2,https://mathom.es/es/ciclo-guardianes-67-72/34328-un-juego-letal-guardianes-2.html,"9,72 €", En stock 
Tiempo de Lobos / Guardianes 4,https://mathom.es/es/ciclo-guardianes-67-72/34518-tiempo-de-lobos-guardianes-4.html,"9,72 €", En stock 
Mars Attacks: Combatientes Marcianos,https://mathom.es/es/mars-attacks/34180-mars-attacks-combatientes-marcianos.html,"15,96 €", En stock 
Mars Attacks: Ataque desde el Espacio,https://mathom.es/es/mars-attacks/34261-mars-attacks-ataque-desde-el-espacio.html,"15,96 €", En stock 
Mars Attacks: Milicia de Novas Vira,https://mathom.es/es/mars-attacks/34760-mars-attacks-milicia-de-novas-vira.html,"15,96 €", En stock 
Mars Attacks: Camión Remolcador,https://mathom.es/es/mars-attacks/34763-mars-attacks-camion-remolcador.html,"15,96 €", En stock 
Raid & Trade: Cora La Especialista,https://mathom.es/es/raid-trade/35562-raid-trade-cora-la-especialista.html,"15,96 €", En stock 
Rum & Bones: Set de Dados Hermandad...,https://mathom.es/es/rum-bones/36045-rum-bones-set-de-dados-hermandad-de-wellsport.html,"10,36 €", En stock 
Rum & Bones: Set de Dados Mazu,https://mathom.es/es/rum-bones/36212-rum-bones-set-de-dados-mazu.html,"10,36 €", En stock 
Zombicide: Team Building Deck,https://mathom.es/es/accesorios/34380-zombicide-team-building-deck.html,"11,96 €", En stock 
Zombicide: Dados Marrones,https://mathom.es/es/accesorios/34714-zombicide-dados-marrones.html,"9,71 €", En stock 
Zombicide: Dados Amarillos,https://mathom.es/es/accesorios/34713-zombicide-dados-amarillos.html,"9,71 €", En stock 
Dominion: Cornucopia,https://mathom.es/es/dominion/32944-dominion-cornucopia.html,"20,00 €", En stock 
Granjeros,https://mathom.es/es/granjeros/35544-granjeros.html,"39,00 €", En stock 
Verbàlia (en Català),https://mathom.es/es/verbalia/34723-verbalia-en-catala.html,"21,00 €", Agotado 
Gaudí,https://mathom.es/es/gaudi/35336-gaudi-4710740739820.html,"16,00 €", En stock 
Inkognito,https://mathom.es/es/inkognito/29935-inkognito-8436017221428.html,"20,00 €", En stock 
Holmes: Sherlock & Mycroft (Inglés),https://mathom.es/es/holmes-sherlock-mycroft/37334-holmes-sherlock-mycroft-ingles-8436017223217.html,"14,00 €", En stock 
"1, 2, 3 Ahora Me Ves",https://mathom.es/es/ofertas/38081-1-2-3-ahora-me-ves-8436017225082.html,"12,00 €", Agotado 
Shinobi Assasins,https://mathom.es/es/shinobi-assasins/35640-shinobi-assasins-8437012332669.html,"6,49 €", En stock 
Guerra de Mitos 5: El Pacto Celta,https://mathom.es/es/segunda-era/32382-guerra-de-mitos-5-el-pacto-celta-3-promos.html,"12,50 €", En stock 
Guerra de Mitos 6: Sumerios e Hindúes,https://mathom.es/es/segunda-era/34184-guerra-de-mitos-6-sumerios-e-hindues-3-promos.html,"12,50 €", En stock 
Guerra de Mitos 7: Segunda Gran Guerra,https://mathom.es/es/segunda-era/34641-guerra-de-mitos-7-segunda-gran-guerra-3-promos.html,"12,50 €", En stock 
Papilio (Català),https://mathom.es/es/papilio/37441-papilio.html,"12,00 €", En stock 
Emporion,https://mathom.es/es/emporion/37365-emporion-8414606723263.html,"12,97 €", En stock 
Oilfield,https://mathom.es/es/oilfield/37362-oilfield-8437010935152.html,"31,16 €", En stock 
Land of Rivals,https://mathom.es/es/land-of-rivals/37174-land-of-rivals-9788460899334.html,"7,49 €", En stock 
Dungeon Twister,https://mathom.es/es/dungeon-twister/26782-dungeon-twister.html,"18,75 €", En stock 
Hurry' Cup!,https://mathom.es/es/hurry-cup/37433-hurry-cup-7612577002009.html,"22,43 €", En stock 
Taberna,https://mathom.es/es/taberna/37214-taberna-8435450203916.html,"22,48 €", En stock 
Savannah Café,https://mathom.es/es/savannah-cafe/34378-savannah-cafe.html,"23,92 €", En stock 
Key to the City - London,https://mathom.es/es/key-to-the-city-london/37444-key-to-the-city-london-5060156400234.html,"46,79 €", En stock 
Hatflings!,https://mathom.es/es/hatflings/37383-hatflings-5904262001025.html,"15,96 €", En stock 
Vikings on Board,https://mathom.es/es/vikings-on-board/37848-vikings-on-board-3770000904475.html,"28,00 €", En stock 
Dark Frontier: Caja de Inicio,https://mathom.es/es/dark-frontier/35615-dark-frontier-caja-de-inicio.html,"23,96 €", En stock 
Galactic Arena (Inglés),https://mathom.es/es/ofertas/34264-galactic-arena-ingles-5200110249923.html,"27,96 €", En stock 
La Guerra de los Mundos,https://mathom.es/es/la-guerra-de-los-mundos/32370-la-guerra-de-los-mundos.html,"17,60 €", Agotado 
Faraway (Caja Deluxe),https://mathom.es/es/faraway/36369-faraway-caja-deluxe.html,"33,71 €", En stock 
Achtung! Cthulhu - Investigadores de...,https://mathom.es/es/achtung-cthulhu/37963-achtung-cthulhu-investigadores-de-los-aliados-pack-1-0706795688262.html,"13,59 €", En stock 
Achtung! Cthulhu - Antagonistas Nazis...,https://mathom.es/es/achtung-cthulhu/37964-achtung-cthulhu-antagonistas-nazis-sol-negro-0706795688286.html,"13,59 €", En stock 
Achtung! Cthulhu - Antagonistas Nazis...,https://mathom.es/es/achtung-cthulhu/37965-achtung-cthulhu-antagonistas-nazis-nachtwoelfe-0706795688293.html,"13,59 €", En stock 
Achtung! Cthulhu - Sectarios de los...,https://mathom.es/es/achtung-cthulhu/37966-achtung-cthulhu-sectarios-de-los-primigenios-0706795688323.html,"13,59 €", En stock 
Achtung! Cthulhu - Mi-Go,https://mathom.es/es/achtung-cthulhu/37967-achtung-cthulhu-mi-go-0706795688330.html,"13,59 €", En stock 
Achtung! Cthulhu - Profundos,https://mathom.es/es/achtung-cthulhu/37968-achtung-cthulhu-profundos-0706795688415.html,"13,59 €", En stock 
Achtung! Cthulhu - Investigadores de...,https://mathom.es/es/achtung-cthulhu/38075-achtung-cthulhu-investigadores-de-los-aliados-pack-2-0706795688279.html,"13,59 €", En stock 
Achtung! Cthulhu - Servidores de...,https://mathom.es/es/achtung-cthulhu/38076-achtung-cthulhu-servidores-de-nyarlathotep-0706795688309.html,"13,59 €", En stock 
Achtung! Cthulhu - Gélidos,https://mathom.es/es/achtung-cthulhu/38077-achtung-cthulhu-gelidos-706795688354.html,"13,59 €", En stock 
Achtung! Cthulhu - Mi-Go Mejorados,https://mathom.es/es/achtung-cthulhu/38078-achtung-cthulhu-mi-go-mejorados-0706795688347.html,"13,59 €", En stock 
Achtung! Cthulhu - Die Draugr,https://mathom.es/es/achtung-cthulhu/38079-achtung-cthulhu-die-draugr-0706795688408.html,"13,59 €", En stock 
Achtung! Cthulhu - Profundo Rompearrecifes,https://mathom.es/es/achtung-cthulhu/38080-achtung-cthulhu-profundo-rompearrecifes-0706795688453.html,"7,19 €", En stock 
Achtung! Cthulhu - Caudillos Servidores...,https://mathom.es/es/achtung-cthulhu/38157-achtung-cthulhu-caudillos-servidores-de-nyarlathotep-0706795688316.html,"13,59 €", En stock 
Achtung! Cthulhu - Ángeles Descarnados,https://mathom.es/es/achtung-cthulhu/38158-achtung-cthulhu-angeles-descarnados-0706795688361.html,"13,59 €", En stock 
Achtung! Cthulhu - Comandos de la...,https://mathom.es/es/achtung-cthulhu/38161-achtung-cthulhu-comandos-de-la-seccion-m-0706795688439.html,"13,59 €", En stock 
Achtung! Cthulhu - Venerado de los...,https://mathom.es/es/achtung-cthulhu/38162-achtung-cthulhu-venerado-de-los-profundos-0706795688460.html,"6,39 €", En stock 
Sensei (Inglés),https://mathom.es/es/sensei/37439-sensei-ingles-3760093330657.html,"19,47 €", En stock 
Atlántida,https://mathom.es/es/otros-juegos-de-rol/918-atlantida.html,"4,98 €", En stock 
In Nomine Satanis: Mors Ultima Ratio,https://mathom.es/es/in-nomine-satanis/829-in-nomine-satanis-mors-ultima-ratio.html,"5,48 €", En stock 
Gang Rush Breakout,https://mathom.es/es/gang-rush-breakout/37679-gang-rush-breakout-3760008425270.html,"33,26 €", En stock 
75 Gnom Street,https://mathom.es/es/75-gnom-street/37681-75-gnom-street-3760008425287.html,"23,36 €", En stock 
Hitos: Pantalla del DJ,https://mathom.es/es/sistema-hitos/36416-hitos-pantalla-del-dj-9788416780013.html,"8,99 €", En stock 
Vampiro La Mascarada: V20 Companion...,https://mathom.es/es/ofertas/34192-vampiro-la-mascarada-v20-companion-edicion-deluxe.html,"25,99 €", En stock 
Warehouse 51,https://mathom.es/es/warehouse-51/37947-warehouse-51-8435450203855.html,"9,98 €", Agotado 
Costa Rica,https://mathom.es/es/costa-rica/38070-costa-rica-8435450204043.html,"12,48 €", En stock 
Xanágenis Tomo I: Ambientación,https://mathom.es/es/xanagenis/37698-xanagenis-tomo-i-ambientacion-9788460889595.html,"10,13 €", En stock 
Xanágenis Tomo II: Sistema de Juego,https://mathom.es/es/xanagenis/37699-xanagenis-tomo-ii-sistema-de-juego-9788460898009.html,"10,13 €", En stock 
Dino Party,https://mathom.es/es/dino-party/38528-dino-party-3760008425485.html,"18,71 €", En stock 
Krosmaster Arena: Eternal Deck Season 1,https://mathom.es/es/krosmaster/37923-krosmaster-arena-eternal-deck-season-1-3760008425379.html,"8,37 €", En stock 
Krosmaster Arena: Frigost Tokens Tofus,https://mathom.es/es/krosmaster/35088-krosmaster-arena-frigost-tokens-tofus-3760008420763.html,"22,46 €", En stock 
Krosmaster Arena: Frigost Tokens Timanshot,https://mathom.es/es/krosmaster/35087-krosmaster-arena-frigost-tokens-timanshot-3760008420770.html,"22,46 €", En stock 
Krosmaster Arena: Pack 52 Cartas Foil...,https://mathom.es/es/krosmaster/34678-krosmaster-arena-pack-52-cartas-foil-castellano-3760008420497.html,"4,98 €", En stock 
Krosmaster Arena: Piwata,https://mathom.es/es/krosmaster/36042-krosmaster-arena-piwata-3760008423931.html,"14,97 €", En stock 
Krosmaster Arena: Pack Multiman,https://mathom.es/es/krosmaster/35341-krosmaster-arena-pack-multiman-3760162392791.html,"13,98 €", En stock 
Mitos y Leyendas: Mazo de Inicio (Kit...,https://mathom.es/es/mitos-y-leyendas/38687-mitos-y-leyendas-mazo-de-inicio-kit-basico-para-2-jugadores-7806637009019.html,"1,99 €", En stock 
Mitos y Leyendas: Amos de Xibalba (Mazo...,https://mathom.es/es/mitos-y-leyendas/38688-mitos-y-leyendas-amos-de-xibalba-mazo-avanzado-7806637009002.html,"1,99 €", En stock 
Mitos y Leyendas: Punta de Lanza (Mazo...,https://mathom.es/es/mitos-y-leyendas/38689-mitos-y-leyendas-punta-de-lanza-mazo-avanzado-7806637009002.html,"1,99 €", En stock 
Mitos y Leyendas: Guerrero Jaguar (Mazo...,https://mathom.es/es/mitos-y-leyendas/38690-mitos-y-leyendas-guerrero-jaguar-mazo-experto-7806637008999.html,"1,99 €", En stock 
Mitos y Leyendas: Guerrero Jaguar...,https://mathom.es/es/mitos-y-leyendas/38691-mitos-y-leyendas-guerrero-jaguar-sobre-de-superacion-7806637008982.html,"0,49 €", En stock 
Kharnage: The Dark Rampage,https://mathom.es/es/kharnage/37565-kharnage-the-dark-rampage-8435407611245.html,"8,95 €", En stock 
El Mundo de Águila Roja: Casa...,https://mathom.es/es/el-mundo-de-aguila-roja/38724-el-mundo-de-aguila-roja-casa-real-y-conspiradores-set-de-inicio-para-2-jugadores-promo-8436017220414.html,"4,50 €", En stock 
El Mundo de Águila Roja: El...,https://mathom.es/es/el-mundo-de-aguila-roja/38725-el-mundo-de-aguila-roja-el-clero-y-el-pueblo-set-de-inicio-para-2-jugadores-8436017220421.html,"4,50 €", En stock 
El Mundo de Águila Roja:...,https://mathom.es/es/el-mundo-de-aguila-roja/38726-el-mundo-de-aguila-roja-conspiradores-baraja-de-inicio-8436017220308.html,"2,50 €", En stock 
El Mundo de Águila Roja: Casa...,https://mathom.es/es/el-mundo-de-aguila-roja/38727-el-mundo-de-aguila-roja-casa-real-baraja-de-inicio-8436017220315.html,"2,50 €", En stock 
El Mundo de Águila Roja: El...,https://mathom.es/es/el-mundo-de-aguila-roja/38728-el-mundo-de-aguila-roja-el-clero-baraja-de-inicio-8436017220339.html,"2,50 €", En stock 
El Mundo de Águila Roja: El...,https://mathom.es/es/el-mundo-de-aguila-roja/38730-el-mundo-de-aguila-roja-el-pueblo-baraja-de-inicio-8436017220322.html,"2,50 €", En stock 
El Mundo de Águila Roja: Caja de...,https://mathom.es/es/el-mundo-de-aguila-roja/38731-el-mundo-de-aguila-roja-caja-de-sobres-40-8436017220384.html,"8,00 €", En stock 
El Mundo de Águila Roja: La...,https://mathom.es/es/el-mundo-de-aguila-roja/38733-el-mundo-de-aguila-roja-la-pelicula-sobre-de-ampliacion-8436017220469.html,"0,25 €", En stock 
El Mundo de Águila Roja: La...,https://mathom.es/es/el-mundo-de-aguila-roja/38734-el-mundo-de-aguila-roja-la-pelicula-caja-de-sobres-40-8436017220476.html,"8,00 €", En stock 
El Mundo de Águila Roja: Sobre...,https://mathom.es/es/el-mundo-de-aguila-roja/38735-el-mundo-de-aguila-roja-sobre-de-ampliacion-8436017220377.html,"0,25 €", En stock 
Los Magos - Baraja de Iniciación...,https://mathom.es/es/sobres-y-barajas/14211-los-magos-baraja-de-iniciacion-finlandes.html,"3,50 €", En stock 
Los Magos - Caja de Sobres (Finlandés),https://mathom.es/es/sobres-y-barajas/36249-los-magos-caja-de-sobres-finlandes.html,"26,95 €", Agotado 
Los Magos - Caja de Barajas (Finlandés),https://mathom.es/es/sobres-y-barajas/36250-los-magos-caja-de-barajas-finlandes.html,"50,00 €", Agotado 
Los Magos - Sobre de Expansión (Finlandés),https://mathom.es/es/sobres-y-barajas/14212-los-magos-sobre-de-expansion-finlandes.html,"1,00 €", En stock 
Krosmaster Arena: Figuras surtidas -...,https://mathom.es/es/krosmaster/35089-krosmaster-arena-figuras-surtidas-caja-12-unidades-ola-3.html,"44,96 €", En stock 
Runewars: Lord Hawthorne,https://mathom.es/es/runewars/37982-runewars-lord-hawthorne-8435407614840.html,"14,97 €", En stock 
Runewars: Retoños del Aymhelin,https://mathom.es/es/runewars/38348-runewars-retonos-del-aymhelin-8435407615885.html,"20,97 €", En stock 
North American Railways,https://mathom.es/es/north-american-railways/38832-north-american-railways-9781513628035.html,"21,60 €", En stock 
Magic the Gathering: Fundas Ilustradas...,https://mathom.es/es/fundas-ultra-pro/38937-magic-the-gathering-fundas-ilustradas-ultra-pro-emrakul-the-promised-end-80-074427863807.html,"2,70 €", En stock 
Magic the Gathering: Fundas Ilustradas...,https://mathom.es/es/fundas-ultra-pro/38938-magic-the-gathering-fundas-ilustradas-ultra-pro-eternal-masters-force-of-will-80-1606371322520.html,"2,70 €", En stock 
Magic the Gathering: Fundas Ilustradas...,https://mathom.es/es/fundas-ultra-pro/38939-magic-the-gathering-fundas-ilustradas-ultra-pro-tamiyo-field-researcher-80-074427863814.html,"2,70 €", En stock 
Magic the Gathering: Fundas Ilustradas...,https://mathom.es/es/fundas-ultra-pro/38940-magic-the-gathering-fundas-ilustradas-ultra-pro-oath-of-liliana-80-074427863821.html,"2,70 €", En stock 
Magic The Gathering: Oath of Liliana,https://mathom.es/es/guias-y-material-promocional/38948-magic-the-gathering-oath-of-liliana-074427863876.html,"0,90 €", En stock 
Magic The Gathering: Eldritch Moon -...,https://mathom.es/es/guias-y-material-promocional/38947-magic-the-gathering-eldritch-moon-emrakul-the-promised-end-9371457384861.html,"0,90 €", En stock 
Magic The Gathering: Tamiyo Field...,https://mathom.es/es/guias-y-material-promocional/38946-magic-the-gathering-tamiyo-field-reserarcher-5907921503496.html,"0,90 €", En stock 
Krosmaster Arena: Las Minas Ekibles,https://mathom.es/es/krosmaster/34674-krosmaster-arena-las-minas-ekibles-3760008420725.html,"4,98 €", En stock 
Krosmaster Arena: Pack Kerubim,https://mathom.es/es/krosmaster/34676-krosmaster-arena-pack-kerubim-3760008420985.html,"11,48 €", En stock 
Heroes of Normandie: British Platoon,https://mathom.es/es/heroes-of-normandie/35451-heroes-of-normandie-british-platoon-5060377580104.html,"7,20 €", Agotado 
Heroes of Normandie: US Rangers,https://mathom.es/es/heroes-of-normandie/35448-heroes-of-normandie-us-rangers-5060377580074.html,"7,20 €", Agotado 
Heroes of Normandie: Reinforcement-GE...,https://mathom.es/es/heroes-of-normandie/35453-heroes-of-normandie-reinforcement-ge-21eme-pz-5060377580135.html,"10,00 €", Agotado 
Shadows Over Normandie (Inglés),https://mathom.es/es/shadows-over-normandie/36176-shadows-over-normandie-5060377583013.html,"35,75 €", Agotado 
Erizos a la Carrera,https://mathom.es/es/erizos-a-la-carrera/36219-erizos-a-la-carrera-8437007925654.html,"12,56 €", En stock 
Tragedy Looper,https://mathom.es/es/tragedy-looper/37079-tragedy-looper-8436017223750.html,"20,00 €", En stock 
Seafall,https://mathom.es/es/seafall/37234-seafall-8436017224016.html,"40,00 €", En stock 
Viento del Norte,https://mathom.es/es/viento-del-norte/34093-viento-del-norte-0376858775217.html,"20,00 €", En stock 
Dojo Kun (Inglés),https://mathom.es/es/dojo-kun/36104-dojo-kun-889696002860.html,"37,49 €", En stock 
Vuitquatre,https://mathom.es/es/verbalia/34596-vuitquatre.html,"6,00 €", En stock 
Vuitdeu,https://mathom.es/es/verbalia/34594-vuitdeu.html,"6,00 €", En stock 
Sisset,https://mathom.es/es/verbalia/34595-sisset.html,"6,00 €", En stock 
Setsis,https://mathom.es/es/verbalia/34597-setsis.html,"6,00 €", En stock 
King of New York: Power Up!,https://mathom.es/es/king-of-new-york/37646-king-of-new-york-power-up-8436017224412.html,"16,00 €", En stock 
King of Tokyo: Halloween,https://mathom.es/es/king-of-tokyo/30159-king-of-tokyo-halloween-8436017225693.html,"16,00 €", En stock 
Miau Guau Galletas,https://mathom.es/es/miau-guau-galletas/38980-miau-guau-galletas-8435450208959.html,"9,98 €", En stock 
Yangtze,https://mathom.es/es/yangtze/37902-yangtze-8436017224276.html,"15,00 €", En stock 
Inkognito (Català),https://mathom.es/es/inkognito/31191-inkognito-catala-8436017221435.html,"20,00 €", En stock 
Crucigramàrius,https://mathom.es/es/crucigramarius-enigmarius/37280-crucigramarius-8436017221534.html,"20,00 €", Agotado 
Victus: el Joc de Taula (Català),https://mathom.es/es/victus/35015-victus-el-joc-de-taula-catala-8436017222180.html,"45,00 €", En stock 
Pathfinder: El Auge de los...,https://mathom.es/es/pathfinder/34439-pathfinder-el-auge-de-los-senores-de-las-runas-mazo-3-la-masacre-del-monte-garfio-8436017222388.html,"6,75 €", En stock 
Pathfinder: El Auge de los...,https://mathom.es/es/pathfinder/34770-pathfinder-el-auge-de-los-senores-de-las-runas-mazo-4-la-fortaleza-de-los-gigantes-de-piedra-8436017222630.html,"6,75 €", En stock 
Pathfinder: El Auge de los...,https://mathom.es/es/pathfinder/34771-pathfinder-el-auge-de-los-senores-de-las-runas-personajes-adicionales-8436017222647.html,"6,75 €", En stock 
Pathfinder: El Auge de los...,https://mathom.es/es/pathfinder/35227-pathfinder-el-auge-de-los-senores-de-las-runas-mazo-5-los-pecados-de-los-salvadores-8436017223019.html,"6,75 €", En stock 
Pathfinder: El Auge de los...,https://mathom.es/es/pathfinder/35228-pathfinder-el-auge-de-los-senores-de-las-runas-mazo-6-las-espiras-de-xin-shalast-8436017223026.html,"6,75 €", En stock 
Doggy Bag,https://mathom.es/es/doggy-bag/37937-doggy-bag-3770005767044.html,"13,00 €", En stock 
Immortals (Inglés),https://mathom.es/es/immortals/38519-immortals-ingles-4010350201756.html,"39,98 €", En stock 
Dragons,https://mathom.es/es/dragons/36849-dragons.html,"6,49 €", Agotado 
Stellium,https://mathom.es/es/stellium/38335-stellium-3760008425577.html,"17,97 €", Agotado 
Betrayal at Baldur's Gate (Inglés),https://mathom.es/es/betrayal-at-baldur-s-gate/39787-betrayal-at-baldur-s-gate-630509643295.html,"34,97 €", En stock 
Pathfinder: Calaveras y Grilletes (Pack...,https://mathom.es/es/juego-basico-y-suplementos/39857-pathfinder-calaveras-y-grilletes-pack-de-6-libros-8436017227710.html,"50,00 €", En stock 
Pathfinder: Concejo de Ladrones (Pack...,https://mathom.es/es/juego-basico-y-suplementos/39855-pathfinder-concejo-de-ladrones-pack-de-6-libros.html,"50,00 €", En stock 
Pathfinder: Regente de Jade (Pack de 6...,https://mathom.es/es/juego-basico-y-suplementos/39856-pathfinder-regente-de-jade-pack-de-6-libros.html,"50,00 €", En stock 
Apocalipsis Z,https://mathom.es/es/apocalipsis-z/39295-apocalipsis-z-0638097141131.html,"25,60 €", En stock 
España IQ,https://mathom.es/es/espana-iq/38409-espana-iq-7640139531568.html,"19,96 €", En stock 
Matterhorn,https://mathom.es/es/matterhorn/38663-matterhorn-7640139531360.html,"19,96 €", En stock 
Mafiozoo,https://mathom.es/es/mafiozoo/39476-mafiozoo-0712038959020.html,"31,47 €", En stock 
StartUp Burnout,https://mathom.es/es/startup-burnout/39868-startup-burnout-0614143090721.html,"12,50 €", En stock 
Sol: Aventuras en la Isla de Sol,https://mathom.es/es/sol/38769-sol-aventuras-en-la-isla-de-sol-8435450204104.html,"19,98 €", En stock 
Rodas,https://mathom.es/es/rodas/38822-rodas-8435450204029.html,"19,98 €", En stock 
Rodas: The Colossus Expansion,https://mathom.es/es/rodas/38823-rodas-the-colossus-expansion-8717472960429.html,"18,71 €", En stock 
Noria,https://mathom.es/es/noria/38436-noria-8435450208935.html,"24,98 €", En stock 
Betrayal at House on the Hill (Inglés),https://mathom.es/es/betrayal-at-house-on-the-hill/40074-betrayal-at-house-on-the-hill-653569533450.html,"37,96 €", Agotado 
"The Greatest Day: Sword, Juno and Gold...",https://mathom.es/es/the-greatest-day/38622-the-greatest-day-sword-juno-and-gold-beaches-ingles-ligero-golpe-en-esquina.html,"229,91 €", En stock 
Bomb Squad,https://mathom.es/es/bomb-squad/39799-bomb-squad-8435407607095.html,"24,49 €", En stock 
Bomb Squad Academy,https://mathom.es/es/bomb-squad/39800-bomb-squad-academy-8435407617261.html,"15,99 €", En stock 
Yu-Gi-Oh! Arsenal Secreto 5:...,https://mathom.es/es/yu-gi-oh/40125-yu-gi-oh-arsenal-secreto-5-invasion-de-la-horda-de-acero-caja-de-24-sobres-4012927242575.html,"19,95 €", En stock 
Heroes of Normandie: Guardians'...,https://mathom.es/es/heroes-of-normandie/36175-heroes-of-normandie-guardians-chronicles-5060377583044.html,"6,60 €", Agotado 
Heroes of Normandie: Gazette 5 (Inglés),https://mathom.es/es/heroes-of-normandie/38868-heroes-of-normandie-gazette-5-5060377580562.html,"8,25 €", Agotado 
Heroes of Normandie: 4th Armored Division,https://mathom.es/es/heroes-of-normandie/37731-heroes-of-normandie-4th-armored-division-5060377580593.html,"11,00 €", Agotado 
Heroes of Normandie: 1st SS Panzer...,https://mathom.es/es/heroes-of-normandie/37732-heroes-of-normandie-1st-ss-panzer-division-5060377580616.html,"11,00 €", Agotado 
Dolores,https://mathom.es/es/dolores/37059-dolores-3558380039235.html,"11,99 €", En stock 
4 Gods,https://mathom.es/es/4-gods/37176-4-gods-3760184940215.html,"31,16 €", En stock 
Kaleidos Junior,https://mathom.es/es/kaleidos/38543-kaleidos-junior-3760052342222.html,"23,99 €", Agotado 
Runewars: Jinetes de Carroñero,https://mathom.es/es/runewars/38071-runewars-jinetes-de-carronero-8435407614901.html,"20,97 €", En stock 
Runewars: Arqueros de Bosqueprofundo,https://mathom.es/es/runewars/38346-runewars-arqueros-de-bosqueprofundo-8435407615847.html,"14,97 €", En stock 
Superhéroes INC: Cosmo-Agenda Alfa,https://mathom.es/es/super-heroes-inc/913-cosmo-agenda-alfa.html,"7,47 €", En stock 
Superhéroes INC: Cosmo Omega Agenda 2,https://mathom.es/es/super-heroes-inc/914-cosmo-omega-agenda-2.html,"7,47 €", En stock 
Superhéroes INC: Universo 001,https://mathom.es/es/super-heroes-inc/916-universo-001.html,"7,47 €", En stock 
Bribones,https://mathom.es/es/otros-juegos-de-rol/845-bribones.html,"5,98 €", En stock 
La Maldición de la Gallina,https://mathom.es/es/otros-juegos-de-rol/846-la-maldicion-de-la-gallina.html,"4,46 €", En stock 
El Séptimo Héroe,https://mathom.es/es/el-septimo-heroe/37003-el-septimo-heroe-8414606995707.html,"8,00 €", En stock 
Mitos y Leyendas: Guerrero Jaguar (Caja...,https://mathom.es/es/mitos-y-leyendas/38692-mitos-y-leyendas-guerrero-jaguar-caja-de-sobres-de-superacion-7806637009026.html,"9,36 €", En stock 
Barony,https://mathom.es/es/barony/36246-barony-3760146642072.html,"31,20 €", En stock 
Tornado Ellie,https://mathom.es/es/tornado-ellie/36432-tornado-ellie.html,"14,97 €", En stock 
CV - La Carrera de la Vida (+ Pack 3...,https://mathom.es/es/cv-la-carrera-de-la-vida/32273-cv-la-carrera-de-la-vida-8436017221893.html,"8,91 €", En stock 
Vikings Gone Wild,https://mathom.es/es/vikings-gone-wild/37940-vikings-gone-wild-0602561588623.html,"22,46 €", Agotado 
Dig Mars (Inglés),https://mathom.es/es/dig-mars/36311-dig-mars-4751010195106.html,"22,46 €", En stock 
Catan: El Auge de los Incas,https://mathom.es/es/catan-otros/40168-catan-el-auge-de-los-incas-8436017227307.html,"35,87 €", En stock 
8 Bit Box,https://mathom.es/es/8-bit-box/40328-8-bit-box-8436017227109.html,"31,20 €", En stock 
Eye 'N Speed (Pequeño Golpe...,https://mathom.es/es/ofertas/41031-eye-n-speed-3770000904789.html,"10,47 €", En stock 
Dogfight,https://mathom.es/es/dogfight/35047-dogfight-8436017221831.html,"4,00 €", En stock 
Wings of Glory,https://mathom.es/es/caja-basica-y-accesorios/34932-wings-of-glory-5012234475696.html,"9,00 €", En stock 
Pathfinder: La Corona de Carroña...,https://mathom.es/es/juego-basico-y-suplementos/41130-pathfinder-corona-de-carrona-pack-de-6-libros-8436017228571.html,"50,00 €", En stock 
Pathfinder: La Estrella Fragmentada...,https://mathom.es/es/juego-basico-y-suplementos/41754-pathfinder-la-estrella-fragmentada-pack-de-6-libros-8436017228786.html,"50,00 €", Agotado 
Onus: Terrenos y Fortalezas,https://mathom.es/es/onus/36785-onus-terrenos-y-fortalezas-0602561604439.html,"15,95 €", Agotado 
U.S. Telegraph (Esquina Golpeada),https://mathom.es/es/us-telegraph/41530-us-telegraph-esquina-golpeada-8436578810161.html,"31,20 €", En stock 
Mundodisco (Pequeño Golpe en Esquina),https://mathom.es/es/ofertas/41470-mundodisco-pequeno-golpe-en-lateral-9788496802193.html,"33,96 €", En stock 
Rush & Bash: Winter is Now,https://mathom.es/es/rush-bash/38388-rush-bash-winter-is-now-8033324540947.html,"15,96 €", En stock 
El Cubo de la Muerte (Tapa Rajada),https://mathom.es/es/el-cubo-de-la-muerte/41952-el-cubo-de-la-muerte-8435407620346.html,"13,97 €", En stock 
Entre Dos Castillos del Rey Loco Ludwig,https://mathom.es/es/entre-dos-castillos-del-rey-loco-ludwig/40176-entre-dos-castillos-del-rey-loco-ludwig-8436578810086.html,"35,10 €", En stock 
Dungeon Time (+ Promo),https://mathom.es/es/dungeon-time/38258-dungeon-time-promo-0602561280831.html,"19,47 €", Agotado 
Dados y Colonos,https://mathom.es/es/dados-y-colonos/40092-dados-y-colonos-0602561120212.html,"41,97 €", En stock 
The Veil (+ Hojas de Referencia)...,https://mathom.es/es/the-veil/42163-the-veil.html,"38,21 €", En stock 
Juego de Tronos: El Trono de Hierro -...,https://mathom.es/es/juego-de-tronos-el-trono-de-hierro/42189-juego-de-tronos-el-trono-de-hierro-las-guerras-venideras-8435407616240.html,"17,97 €", En stock 
"Galeones, Cañones y Doblones...",https://mathom.es/es/galeones-canones-y-doblones/42226-galeones-canones-y-doblones-8435407608399.html,"29,97 €", En stock 
Android: Mainframe (Esquinas rozadas),https://mathom.es/es/android-mainframe/42229-android-mainframe-8435407610842.html,"20,97 €", En stock 
Star Wars X-Wing: Diente de Perro (Caja...,https://mathom.es/es/escoria-y-villanos/42353-star-wars-x-wing-diente-de-perro-8435407604643.html,"17,98 €", En stock 
Dragon Age: Caja Intermedia (Set 2)...,https://mathom.es/es/dragon-age/42385-dragon-age-caja-intermedia-set-2-9788415334200.html,"23,97 €", En stock 
Magic the Gathering: Fundas Ilustradas...,https://mathom.es/es/fundas-ultra-pro/42425-magic-the-gathering-fundas-ilustradas-ultra-pro-nixilis-reignited-80-074427862886.html,"2,70 €", En stock 
Magic the Gathering: Fundas Ilustradas...,https://mathom.es/es/fundas-ultra-pro/42428-magic-the-gathering-fundas-ilustradas-ultra-pro-kozilek-the-great-distortion-80-074427863029.html,"2,70 €", En stock 
Magic the Gathering: Fundas Ilustradas...,https://mathom.es/es/fundas-ultra-pro/42429-magic-the-gathering-fundas-ilustradas-ultra-pro-abzan-khans-of-tarkir-80-074427862008.html,"2,70 €", En stock 
Magic the Gathering: Fundas Ilustradas...,https://mathom.es/es/fundas-ultra-pro/42434-magic-the-gathering-fundas-ilustradas-ultra-pro-commander-daretti-120-074427861957.html,"3,60 €", En stock 
Magic the Gathering: Dayoote Life Counter,https://mathom.es/es/guias-y-material-promocional/42435-magic-the-gathering-dayoote-life-counter-2279458848078.html,"7,48 €", En stock 
Magic The Gathering: Oath of Gatewatch:...,https://mathom.es/es/guias-y-material-promocional/42499-magic-the-gathering-oath-of-gatewatch-oath-of-jace-deck-box-074427863111.html,"0,90 €", En stock 
Magic the Gathering: Duel Deck Box...,https://mathom.es/es/cajitas-porta-cartas/42505-magic-the-gathering-duel-deck-box-combo-pack-espelth-vs-kiora-074427862398.html,"3,89 €", En stock 
Magic the Gathering: Tapete Emeria Sheperd,https://mathom.es/es/guias-y-material-promocional/42503-magic-the-gathering-tapete-emeria-sheperd-074427862923.html,"10,98 €", En stock 
Magic the Gathering: Commander Deck Box...,https://mathom.es/es/guias-y-material-promocional/42501-magic-the-gathering-commander-deck-box-azul-074427829117.html,"6,00 €", En stock 
Magic the Gathering: Commander Deck Box...,https://mathom.es/es/guias-y-material-promocional/42500-magic-the-gathering-commander-deck-box-rojo-074427829124.html,"6,00 €", En stock 
Magic the Gathering: Fundas Ilustradas...,https://mathom.es/es/fundas-ultra-pro/42440-magic-the-gathering-fundas-ilustradas-ultra-pro-nissa-80-074427861742.html,"2,70 €", En stock 
Magic the Gathering: Fundas Ilustradas...,https://mathom.es/es/fundas-ultra-pro/42439-magic-the-gathering-fundas-ilustradas-ultra-pro-khans-of-tarkir-80-074427862053.html,"2,70 €", En stock 
Magic the Gathering: Nesting Deck Vault...,https://mathom.es/es/cajitas-porta-cartas/42437-magic-the-gathering-nesting-deck-vault-modern-masters-2015-074427862565.html,"5,98 €", En stock 
Magic the Gathering: Conspiracy...,https://mathom.es/es/cajitas-porta-cartas/42436-magic-the-gathering-conspiracy-pro-dual-deck-box-combo-074427861681.html,"4,80 €", En stock 
Magic the Gathering: Fundas Ilustradas...,https://mathom.es/es/fundas-ultra-pro/42433-magic-the-gathering-fundas-ilustradas-ultra-pro-temur-khans-of-tarkir-80-074427862046.html,"2,70 €", En stock 
Magic the Gathering: Fundas Ilustradas...,https://mathom.es/es/fundas-ultra-pro/42427-magic-the-gathering-fundas-ilustradas-ultra-pro-teferi-temporal-archmage-120-074427861988.html,"3,60 €", En stock 
Magic the Gathering: Fundas Ilustradas...,https://mathom.es/es/fundas-ultra-pro/42426-magic-the-gathering-fundas-ilustradas-ultra-pro-battle-for-zendikar-80-074427863005.html,"2,70 €", En stock 
Magic the Gathering: Fundas Ilustradas...,https://mathom.es/es/fundas-ultra-pro/42507-magic-the-gathering-fundas-ilustradas-ultra-pro-journey-into-nyx-xenegos-80-074427861575.html,"2,70 €", En stock 
Fundas Ilustradas Ultra Pro Darkside of...,https://mathom.es/es/fundas-ultra-pro/42508-fundas-ilustradas-ultra-pro-darkside-of-oz-50-074427845506.html,"2,50 €", En stock 
Magic The Gathering: Oath of Gatewatch:...,https://mathom.es/es/guias-y-material-promocional/42509-magic-the-gathering-oath-of-gatewatch-oath-of-gideon-deck-box-074427863081.html,"0,90 €", En stock 
Ex Libris (Inglés),https://mathom.es/es/ex-libris/40004-ex-libris-85993000577.html,"36,00 €", En stock 
Pro Slayer Deck Protector Sleeves Negro...,https://mathom.es/es/ofertas/42524-pro-slayer-deck-protector-sleeves-negro-100-074427842581.html,"4,00 €", En stock 
Pro Slayer Deck Protector Sleeves...,https://mathom.es/es/ofertas/42525-pro-slayer-deck-protector-sleeves-purple-100-074427842543.html,"4,00 €", En stock 
Ultra Pro: Ice Tower,https://mathom.es/es/cajitas-porta-cartas/42552-ultra-pro-ice-tower-074427844134.html,"12,50 €", En stock 
Contrast,https://mathom.es/es/contrast/38276-contrast-3770002376157.html,"13,49 €", En stock 
Las Mareas de la Locura,https://mathom.es/es/las-mareas-de-la-locura/37873-las-mareas-de-la-locura-8435407614512.html,"10,47 €", En stock 
Caballeros del Arcoíris,https://mathom.es/es/caballeros-del-arcoiris/39671-caballeros-del-arcoiris-8435407615649.html,"10,99 €", En stock 
Zombies!!! El Juego de Cartas,https://mathom.es/es/zombies/39391-zombies-el-juego-de-cartas-8435407620483.html,"10,97 €", En stock 
Carta Impera Victoria,https://mathom.es/es/carta-impera-victoria/38859-carta-impera-victoria-3760269590144.html,"10,00 €", En stock 
Shadows Amsterdam,https://mathom.es/es/shadows-amsterdam/40441-shadows-amsterdam-3558380051947.html,"12,00 €", Agotado 
Stoplight,https://mathom.es/es/stoplight/38809-stoplight-8032611693434.html,"10,49 €", En stock 
Mi Postre Favorito,https://mathom.es/es/mi-postre-favorito/38327-mi-postre-favorito-8435407615045.html,"9,72 €", En stock 
Petrichor,https://mathom.es/es/petrichor/40971-petrichor-8435407621862.html,"32,49 €", En stock 
Tokyo Highway,https://mathom.es/es/tokyo-highway/40595-tokyo-highway-3558380057499.html,"27,99 €", En stock 
Magic the Gathering: Fundas Ilustradas...,https://mathom.es/es/fundas-ultra-pro/39183-magic-the-gathering-fundas-ilustradas-ultra-pro-modern-masters-80-074427862558.html,"2,70 €", En stock 
Magic the Gathering: Fundas Ilustradas...,https://mathom.es/es/fundas-ultra-pro/42566-magic-the-gathering-fundas-ilustradas-ultra-pro-jeskai-khans-of-tarkir-80-074427862015.html,"2,70 €", En stock 
Fundas Ultra Pro: Barbed Wire (50),https://mathom.es/es/fundas-ultra-pro/42567-fundas-ultra-pro-barbed-wire-50-074427843854.html,"2,00 €", En stock 
Crossing,https://mathom.es/es/ofertas/42568-crossing-3558380039471.html,"11,99 €", En stock 
¡Abordaje!,https://mathom.es/es/abordaje/35559-abordaje-8437012332652.html,"4,00 €", En stock 
Guerra de Mitos 10: Legión Romana,https://mathom.es/es/tercera-era/36850-guerra-de-mitos-10-legion-romana-3-promos-0602561215536.html,"6,00 €", En stock 
Guerra de Mitos 12: Primigenios en China,https://mathom.es/es/cuarta-era/37938-guerra-de-mitos-12-primigenios-en-china-3-promos-0638097788473.html,"6,00 €", En stock 
Guerra de Mitos 11: Genios y Ladrones,https://mathom.es/es/tercera-era/37363-guerra-de-mitos-10-legion-romana-3-promos-0638097907119.html,"6,00 €", En stock 
Boom Party!,https://mathom.es/es/boom-party/40977-boom-party-0634438549017.html,"12,48 €", Agotado 
Guerra de Mitos 13: Era Mortal,https://mathom.es/es/cuarta-era/38484-guerra-de-mitos-13-era-mortal-promo-0638097863545.html,"6,00 €", En stock 
Keyforge: La Edad de la Ascensión (Mazo),https://mathom.es/es/keyforge/41543-keyforge-la-edad-de-la-ascension-mazo-8435407625754.html,"6,96 €", En stock 
For Coin & Blood (Golpe en esquina),https://mathom.es/es/for-coin-blood/42619-for-coin-blood-9788417175283.html,"21,21 €", En stock 
Nómadas,https://mathom.es/es/nomadas/42569-nomadas-3760269590045.html,"16,24 €", En stock 
6-Card Black Frame Screwdown Holder,https://mathom.es/es/fundas-ultra-pro/42521-6-card-black-frame-screwdown-holder-074427812034.html,"4,50 €", En stock 
Cottage Garden,https://mathom.es/es/cottage-garden/37801-cottage-garden-8435450203992.html,"17,48 €", En stock 
Spring Meadow,https://mathom.es/es/spring-meadow/39781-spring-meadow-8435450218934.html,"19,98 €", En stock 
Indian Summer,https://mathom.es/es/indian-summer/38442-indian-summer-8435450208928.html,"17,48 €", En stock 
Riverboat,https://mathom.es/es/riverboat/38510-riverboat-8435450208805.html,"19,98 €", Agotado 
Saqueo en la Mazmorra,https://mathom.es/es/saqueo-en-la-mazmorra/38443-saqueo-en-la-mazmorra-8435450204074.html,"9,98 €", En stock 
Euphoria,https://mathom.es/es/euphoria/39386-euphoria-8435450208966.html,"27,48 €", Agotado 
Hexcalibur,https://mathom.es/es/hexcalibur/38441-hexcalibur-8435450208867.html,"14,98 €", En stock 
Guns & Steel,https://mathom.es/es/guns-steel/38440-guns-steel-8435450208799.html,"7,48 €", Agotado 
Chawaï,https://mathom.es/es/chawai/38710-chawai-8435450208799.html,"6,48 €", En stock 
Titan Race,https://mathom.es/es/titan-race/37948-titan-race-8435450203848.html,"12,48 €", En stock 
Bubblee Pop,https://mathom.es/es/bubblee-pop/37874-bubblee-pop-8435450204036.html,"12,48 €", En stock 
Cuenta-Cuentos,https://mathom.es/es/cuenta-cuentos/38193-cuenta-cuentos-8435450204050.html,"14,98 €", En stock 
Números Locos,https://mathom.es/es/numeros-locos/36963-numeros-locos-8435450203831.html,"9,98 €", Agotado 
Design Town,https://mathom.es/es/design-town/38439-design-town-8435450208980.html,"7,48 €", En stock 
Zorros al Corral,https://mathom.es/es/zorros-al-corral/38583-zorros-al-corral-8435450208843.html,"7,48 €", En stock 
"Por Favor, ¿Dónde Está Umtata?",https://mathom.es/es/umtata/38194-por-favor-donde-esta-umtata-8435450204012.html,"12,48 €", En stock 
Futuropia,https://mathom.es/es/futuropia/42492-futuropia-8435407625181.html,"31,50 €", En stock 
Terminal: La Atormentada Vida de Billy...,https://mathom.es/es/terminal/42232-terminal-la-atormentada-vida-de-billy-kerr-8507326662926.html,"27,97 €", En stock 
Arkham Horror LCG: Altered Beast (Playmat),https://mathom.es/es/accesorios-y-print-on-demand/42983-arkham-horror-lcg-altered-beast-playmat-841333102739.html,"13,97 €", Agotado 
Arkham Horror LCG: Bloodlust (Playmat),https://mathom.es/es/accesorios-y-print-on-demand/42982-arkham-horror-lcg-bloodlust-playmat-841333102722.html,"13,97 €", En stock 
El Símbolo Arcano: Museum Gamemat,https://mathom.es/es/el-simbolo-arcano/42984-el-simbolo-arcano-museum-gamemat-841333102791.html,"17,47 €", Agotado 
Magic the Gathering: Fundas Ilustradas...,https://mathom.es/es/fundas-ultra-pro/43008-magic-the-gathering-fundas-ilustradas-ultra-pro-commander-freyalise-llanowar-s-fury-120-074427861964.html,"3,60 €", En stock 
Tuki,https://mathom.es/es/tuki/41874-tuki-8435407626706.html,"27,99 €", En stock 
The Waylanders,https://mathom.es/es/waylanders/42251-the-waylanders-0634438842118.html,"52,50 €", En stock 
Yum Yum Island,https://mathom.es/es/yum-yum-island/42477-yum-yum-island-3558380068198.html,"17,49 €", En stock 
Magic the Gathering: Fundas Ilustradas...,https://mathom.es/es/fundas-ultra-pro/43012-magic-the-gathering-fundas-ilustradas-ultra-pro-commander-nixilis-the-black-oath-120-074427861995.html,"3,60 €", En stock 
Ratville,https://mathom.es/es/ratville/42392-ratville-0656272408343.html,"27,97 €", En stock 
Héroes a Medida,https://mathom.es/es/heroes-a-medida/40375-heroes-a-medida-3558380056768.html,"17,99 €", En stock 
Star Wars Destiny: Luke Skywalker (Caja...,https://mathom.es/es/star-wars-destiny/38595-star-wars-destiny-luke-skywalker-caja-de-inicio-8435407618312.html,"8,97 €", Agotado 
Star Wars Destiny: Boba Fett (Caja de...,https://mathom.es/es/star-wars-destiny/38594-star-wars-destiny-boba-fett-caja-de-inicio-8435407618299.html,"8,97 €", En stock 
Star Wars Destiny: Rivales (Set de Draft),https://mathom.es/es/star-wars-destiny/38788-star-wars-destiny-rivales-set-de-draft-8435407618169.html,"8,97 €", En stock 
Star Wars Destiny: Rey (Caja de Inicio),https://mathom.es/es/star-wars-destiny/37302-star-wars-destiny-rey-caja-de-inicio-8435407613515.html,"8,97 €", En stock 
Star Wars Destiny: Kylo Ren (Caja de...,https://mathom.es/es/star-wars-destiny/37301-star-wars-destiny-kylo-ren-caja-de-inicio-8435407613492.html,"8,97 €", En stock 
Star Wars Destiny: El Imperio en Guerra...,https://mathom.es/es/star-wars-destiny/38177-star-wars-destiny-el-imperio-en-guerra-expositor-con-36-sobres-de-ampliacion-8435407616912.html,"64,58 €", En stock 
Star Wars Destiny: El Imperio en Guerra...,https://mathom.es/es/star-wars-destiny/38178-star-wars-destiny-el-imperio-en-guerra-sobre-de-ampliacion-8435407616899.html,"1,79 €", En stock 
Star Wars Destiny: Espíritu de...,https://mathom.es/es/star-wars-destiny/37783-star-wars-destiny-espiritu-de-rebelion-sobre-de-ampliacion-8435407614635.html,"1,79 €", En stock 
Star Wars Destiny: Espíritu de...,https://mathom.es/es/star-wars-destiny/37784-star-wars-destiny-espiritu-de-rebelion-expositor-con-36-sobres-de-ampliacion-8435407614659.html,"64,58 €", En stock 
3 Secretos,https://mathom.es/es/3-secretos/38599-3-secretos-8435407617308.html,"8,97 €", En stock 
Mafia de Cuba,https://mathom.es/es/mafia-de-cuba/35543-mafia-de-cuba-3558380028871.html,"14,99 €", En stock 
Inventores Legendarios,https://mathom.es/es/inventores-legendarios/38498-inventores-legendarios-3760267990069.html,"20,99 €", En stock 
Star Wars Destiny: La Chispa de la...,https://mathom.es/es/star-wars-destiny/41788-star-wars-destiny-la-chispa-de-la-esperanza-expositor-con-36-sobres-de-ampliacion-8435407625952.html,"64,58 €", En stock 
Star Wars Destiny: La Chispa de la...,https://mathom.es/es/star-wars-destiny/41789-star-wars-destiny-la-chispa-de-la-esperanza-sobre-de-ampliacion-8435407625945.html,"1,79 €", En stock 
Star Wars Destiny: Aliados por la...,https://mathom.es/es/star-wars-destiny/41242-star-wars-destiny-aliados-por-la-necesidad-set-de-draft-8435407625662.html,"8,97 €", Agotado 
Star Wars Destiny: Convergencia...,https://mathom.es/es/star-wars-destiny/41102-star-wars-destiny-convergencia-expositor-con-36-sobres-de-ampliacion-8435407623484.html,"64,58 €", En stock 
Star Wars Destiny: Obi-Wan Kenobi (Caja...,https://mathom.es/es/star-wars-destiny/41107-star-wars-destiny-obi-wan-kenobi-caja-de-inicio-8435407623477.html,"8,97 €", Agotado 
Star Wars Destiny: General Grievous...,https://mathom.es/es/star-wars-destiny/41106-star-wars-destiny-general-grievous-caja-de-inicio-8435407623460.html,"8,97 €", Agotado 
Samurai,https://mathom.es/es/samurai/37693-samurai-8435407612648.html,"29,97 €", Agotado 
Breaking Bad,https://mathom.es/es/breaking-bad/39013-breaking-bad-8435407617599.html,"23,97 €", En stock 
Ethnos,https://mathom.es/es/ethnos/38411-ethnos-8435407617513.html,"23,99 €", Agotado 
La Cosa Nostra,https://mathom.es/es/la-cosa-nostra/40263-la-cosa-nostra-8435407622197.html,"17,99 €", En stock 
Mafia de Cuba: Revolución,https://mathom.es/es/mafia-de-cuba/35927-mafia-de-cuba-revolucion-3558380030300.html,"8,99 €", En stock 
Star Wars Destiny: Legados (Expositor...,https://mathom.es/es/star-wars-destiny/38596-star-wars-destiny-legados-expositor-con-36-sobres-de-ampliacion-8435407618572.html,"64,58 €", Agotado 
Star Wars Destiny: Legados (Sobre de...,https://mathom.es/es/star-wars-destiny/38597-star-wars-destiny-legados-sobre-de-ampliacion-8435407618572.html,"1,79 €", En stock 
Star Wars Destiny: Despertares...,https://mathom.es/es/star-wars-destiny/37303-star-wars-destiny-despertares-expositor-con-36-sobres-de-ampliacion-3843540761353.html,"64,58 €", En stock 
Star Wars Destiny: Despertares (Sobre...,https://mathom.es/es/star-wars-destiny/37304-star-wars-destiny-despertares-sobre-de-ampliacion-8435407613539.html,"1,79 €", En stock 
Ricardo Corazón de León,https://mathom.es/es/ricardo-corazon-de-leon/38984-ricardo-corazon-de-leon-8435407611627.html,"41,99 €", En stock 
Star Wars Destiny: A Través de...,https://mathom.es/es/star-wars-destiny/40257-star-wars-destiny-a-traves-de-la-galaxia-expositor-con-36-sobres-de-ampliacion-8435407621503.html,"64,58 €", En stock 
Star Wars Destiny: A Través de...,https://mathom.es/es/star-wars-destiny/40258-star-wars-destiny-a-traves-de-la-galaxia-sobre-de-ampliacion-8435407619395.html,"1,79 €", En stock 
Star Wars Destiny: Los Caminos de la...,https://mathom.es/es/star-wars-destiny/39516-star-wars-destiny-los-caminos-de-la-fuerza-sobre-de-ampliacion-8435407619395.html,"1,79 €", En stock 
Star Wars Destiny: Los Caminos de la...,https://mathom.es/es/star-wars-destiny/39517-star-wars-destiny-los-caminos-de-la-fuerza-expositor-con-36-sobres-de-ampliacion-8435407619418.html,"64,58 €", En stock 
Concept (Pequeño golpe en caja),https://mathom.es/es/concept/43041-concept-5425016922668.html,"24,00 €", En stock 
Laberinto: Super Mario (Caja dañada),https://mathom.es/es/laberinto/43082-laberinto-super-mario-4005556260638.html,"22,40 €", En stock 
Star Wars X-Wing: Lanzadera Clase...,https://mathom.es/es/ofertas/42354-star-wars-x-wing-lanzadera-clase-ipsilon-8435407613164.html,"17,98 €", En stock 
Magic the Gathering: Duel Deck Box...,https://mathom.es/es/cajitas-porta-cartas/43096-magic-the-gathering-duel-deck-box-combo-pack-speed-vs-cunning-074427861551.html,"3,89 €", En stock 
Juego de Tronos LCG: La Caída de...,https://mathom.es/es/ciclo-sangre-y-oro-13-18/37980-juego-de-tronos-lcg-la-caida-de-astapor-sangre-y-oro-3-843540761407.html,"8,97 €", En stock 
Juego de Tronos LCG (2ª...,https://mathom.es/es/caja-basica-y-expansiones/38922-juego-de-tronos-lcg-2-edicion-las-arenas-de-dorne-8435407618909.html,"17,97 €", En stock 
Juego de Tronos LCG: Música de...,https://mathom.es/es/ciclo-danza-de-sombras-25-30/39798-juego-de-tronos-lcg-musica-de-dragones-danza-de-sombras-4-8435407619869.html,"8,97 €", En stock 
Juego de Tronos LCG: Las Calles de...,https://mathom.es/es/ciclo-danza-de-sombras-25-30/39662-juego-de-tronos-lcg-las-calles-de-desembarco-del-rey-danza-de-sombras-3-8435407619852.html,"8,97 €", En stock 
Juego de Tronos LCG: La Marcha sobre...,https://mathom.es/es/ciclo-danza-de-sombras-25-30/39503-juego-de-tronos-lcg-la-marcha-sobre-invernalia-danza-de-sombras-2-8435407619845.html,"8,97 €", En stock 
Juego de Tronos LCG: La Ciudad de la...,https://mathom.es/es/ciclo-danza-de-sombras-25-30/39233-juego-de-tronos-lcg-la-ciudad-de-la-sombra-danza-de-sombras-1-8435407619838.html,"8,97 €", En stock 
Juego de Tronos LCG: Mazo Introductorio...,https://mathom.es/es/mazos-introductorios/39600-juego-de-tronos-lcg-mazo-introductorio-de-la-guardia-de-la-noche-8435407621046.html,"8,97 €", En stock 
Juego de Tronos LCG: Mazo Introductorio...,https://mathom.es/es/mazos-introductorios/39599-juego-de-tronos-lcg-mazo-introductorio-de-la-casa-targaryen-8435407621022.html,"8,97 €", En stock 
Juego de Tronos LCG: Mazo Introductorio...,https://mathom.es/es/mazos-introductorios/39598-juego-de-tronos-lcg-mazo-introductorio-de-la-casa-martell-8435407621008.html,"8,97 €", En stock 
Juego de Tronos LCG: Mazo Introductorio...,https://mathom.es/es/mazos-introductorios/39597-juego-de-tronos-lcg-mazo-introductorio-de-la-casa-tyrell-8435407620988.html,"8,97 €", En stock 
Juego de Tronos LCG: Mazo Introductorio...,https://mathom.es/es/mazos-introductorios/39596-juego-de-tronos-lcg-mazo-introductorio-de-la-casa-baratheon-8435407620964.html,"8,97 €", En stock 
Juego de Tronos LCG: La Fe Militante /...,https://mathom.es/es/ciclo-bandada-de-cuervos-19-24/38965-juego-de-tronos-lcg-la-fe-militante-bandada-de-cuervos-5-8435407616622.html,"8,97 €", En stock 
Juego de Tronos LCG: Mazo Introductorio...,https://mathom.es/es/mazos-introductorios/39595-juego-de-tronos-lcg-mazo-introductorio-de-la-casa-greyjoy-8435407620940.html,"8,97 €", Agotado 
Juego de Tronos LCG: Mazo Introductorio...,https://mathom.es/es/mazos-introductorios/39593-juego-de-tronos-lcg-mazo-introductorio-de-la-casa-stark-8435407620902.html,"8,97 €", En stock 
Juego de Tronos LCG (2ª...,https://mathom.es/es/caja-basica-y-expansiones/38344-juego-de-tronos-lcg-2-edicion-la-casa-de-las-espinas-8435407617353.html,"17,97 €", En stock 
Juego de Tronos LCG: El Favor de los...,https://mathom.es/es/ciclo-bandada-de-cuervos-19-24/38755-juego-de-tronos-lcg-el-favor-de-los-antiguos-dioses-bandada-de-cuervos-4-8435407616608.html,"8,97 €", En stock 
Juego de Tronos LCG: Asamblea de...,https://mathom.es/es/ciclo-bandada-de-cuervos-19-24/38642-juego-de-tronos-lcg-asamblea-de-sucesion-bandada-de-cuervos-3-8435407616585.html,"8,97 €", En stock 
Juego de Tronos LCG: Viaje a Antigua /...,https://mathom.es/es/ciclo-bandada-de-cuervos-19-24/38598-juego-de-tronos-lcg-viaje-a-antigua-bandada-de-cuervos-2-8435407616561.html,"8,97 €", Agotado 
Juego de Tronos LCG: La Llave del...,https://mathom.es/es/ciclo-bandada-de-cuervos-19-24/38469-juego-de-tronos-lcg-la-llave-del-archimaestre-bandada-de-cuervos-1-8435407616547.html,"8,97 €", En stock 
Juego de Tronos LCG (2ª...,https://mathom.es/es/caja-basica-y-expansiones/37723-juego-de-tronos-lcg-2-edicion-vigilantes-del-muro-8435407614673.html,"17,97 €", En stock 
Juego de Tronos LCG: La Hermandad sin...,https://mathom.es/es/ciclo-sangre-y-oro-13-18/38343-juego-de-tronos-lcg-la-hermandad-sin-estandartes-sangre-y-oro-6-8435407614130.html,"8,97 €", En stock 
Juego de Tronos LCG: La Venganza de...,https://mathom.es/es/ciclo-sangre-y-oro-13-18/38099-juego-de-tronos-lcg-la-venganza-de-oberyn-sangre-y-oro-5-8435407614116.html,"8,97 €", En stock 
Juego de Tronos LCG: La Boda Roja /...,https://mathom.es/es/ciclo-sangre-y-oro-13-18/37992-juego-de-tronos-lcg-la-boda-roja-sangre-y-oro-4-8435407614093.html,"8,97 €", En stock 
Juego de Tronos LCG: Mazo Introductorio...,https://mathom.es/es/mazos-introductorios/39594-juego-de-tronos-lcg-mazo-introductorio-de-la-casa-lannister-8435407620926.html,"8,97 €", Agotado 
Juego de Tronos LCG: Siempre Hay...,https://mathom.es/es/ciclo-bandada-de-cuervos-19-24/39074-juego-de-tronos-lcg-siempre-hay-alguien-que-habla-bandada-de-cuervos-6-8435407616646.html,"8,97 €", En stock 
La Leyenda de los Cinco Anillos: El...,https://mathom.es/es/caja-basica-y-expansiones/38257-la-leyenda-de-los-cinco-anillos-el-juego-de-cartas-8435407616875.html,"23,97 €", En stock 
La Leyenda de los Cinco Anillos LCG:...,https://mathom.es/es/ciclo-imperial-1-6/38359-la-leyenda-de-los-cinco-anillos-lcg-las-lagrimas-de-amaterasu-ciclo-imperial-1-8435407617872.html,"8,97 €", En stock 
La Leyenda de los Cinco Anillos LCG:...,https://mathom.es/es/ciclo-imperial-1-6/38419-la-leyenda-de-los-cinco-anillos-lcg-por-el-honor-y-la-gloria-ciclo-imperial-2-8435407617896.html,"8,97 €", En stock 
La Leyenda de los Cinco Anillos LCG: En...,https://mathom.es/es/ciclo-imperial-1-6/38471-la-leyenda-de-los-cinco-anillos-lcg-en-la-ciudad-prohibida-ciclo-imperial-3-8435407617919.html,"8,97 €", En stock 
La Leyenda de los Cinco Anillos LCG: El...,https://mathom.es/es/ciclo-imperial-1-6/38500-la-leyenda-de-los-cinco-anillos-lcg-el-trono-de-crisantemo-ciclo-imperial-4-8435407617933.html,"8,97 €", En stock 
La Leyenda de los Cinco Anillos LCG: El...,https://mathom.es/es/ciclo-imperial-1-6/38536-la-leyenda-de-los-cinco-anillos-lcg-el-destino-no-tiene-secretos-ciclo-imperial-5-8435407617957.html,"8,97 €", En stock 
La Leyenda de los Cinco Anillos LCG:...,https://mathom.es/es/ciclo-imperial-1-6/38572-la-leyenda-de-los-cinco-anillos-lcg-meditaciones-sobre-lo-efimero-ciclo-imperial-6-8435407617919.html,"8,97 €", En stock 
La Leyenda de los Cinco Anillos LCG:...,https://mathom.es/es/caja-basica-y-expansiones/38925-la-leyenda-de-los-cinco-anillos-lcg-discipulos-del-vacio-pack-del-clan-del-fenix-8435407619289.html,"11,97 €", En stock 
La Leyenda de los Cinco Anillos LCG: El...,https://mathom.es/es/ciclo-elemental-7-12/39393-la-leyenda-de-los-cinco-anillos-lcg-el-aliento-de-los-kami-ciclo-elemental-1-8435407620223.html,"8,97 €", En stock 
La Leyenda de los Cinco Anillos LCG:...,https://mathom.es/es/ciclo-elemental-7-12/39501-la-leyenda-de-los-cinco-anillos-lcg-tierras-manchadas-ciclo-elemental-2-8435407620230.html,"8,97 €", En stock 
La Leyenda de los Cinco Anillos LCG: El...,https://mathom.es/es/ciclo-elemental-7-12/39502-la-leyenda-de-los-cinco-anillos-lcg-el-fuego-interior-ciclo-elemental-3-8435407620247.html,"8,97 €", En stock 
La Leyenda de los Cinco Anillos LCG: El...,https://mathom.es/es/ciclo-elemental-7-12/39515-la-leyenda-de-los-cinco-anillos-lcg-el-constante-devenir-ciclo-elemental-4-8435407620254.html,"8,97 €", En stock 
7 Wonders: Armada,https://mathom.es/es/7-wonders/40356-7-wonders-armada-5425016922866.html,"22,49 €", En stock 
Arkham Horror: Hora Final,https://mathom.es/es/arkham-horror-hora-final/42342-arkham-horror-hora-final-6018719396929.html,"27,97 €", En stock 
Star Wars X-Wing: Castigadora,https://mathom.es/es/escoria-y-villanos/36330-star-wars-x-wing-castigadora-8435407608375.html,"17,97 €", En stock 
Star Wars X-Wing: Segador Tie,https://mathom.es/es/el-imperio/39324-star-wars-x-wing-segador-tie-8435407619630.html,"17,97 €", Agotado 
Star Wars X-Wing: Renegados de Saw,https://mathom.es/es/la-alianza-rebelde/39323-star-wars-x-wing-renegados-de-saw-8435407619616.html,"23,97 €", En stock 
Star Wars X-Wing: Pilotos de Fortuna,https://mathom.es/es/escoria-y-villanos/38353-star-wars-x-wing-pilotos-de-fortuna-8435407616684.html,"17,97 €", En stock 
Star Wars X-Wing: Fantasma II,https://mathom.es/es/la-alianza-rebelde/38540-star-wars-x-wing-fantasma-ii-8435407617667.html,"8,97 €", Agotado 
Star Wars X-Wing: Caza M12-L Kimogila,https://mathom.es/es/escoria-y-villanos/38539-star-wars-x-win-caza-m12-l-kimogila-8435407617643.html,"11,97 €", Agotado 
Star Wars X-Wing: Silenciador Tie,https://mathom.es/es/el-imperio/38542-star-wars-x-wing-silenciador-tie-8435407617056.html,"17,97 €", En stock 
Star Wars X-Wing: Bombardero de la...,https://mathom.es/es/la-alianza-rebelde/38541-star-wars-x-wing-bombardero-de-la-resistencia-8435407617032.html,"23,97 €", En stock 
Star Wars X-Wing: Bombardero Scurrg H-6,https://mathom.es/es/escoria-y-villanos/38089-star-wars-x-wing-bombardero-scurrg-h-6-8435407615175.html,"11,97 €", En stock 
Star Wars X-Wing: Cañonera Auzituck,https://mathom.es/es/la-alianza-rebelde/38088-star-wars-x-wing-canonera-auzituck-8435407615151.html,"8,97 €", Agotado 
Star Wars X-Wing: Ala-U,https://mathom.es/es/la-alianza-rebelde/37534-star-wars-x-wing-ala-u-8435407613201.html,"17,97 €", En stock 
Star Wars X-Wing: Saltador Quad,https://mathom.es/es/escoria-y-villanos/37541-star-wars-x-wing-saltador-quad-8435407613188.html,"8,97 €", Agotado 
Star Wars X-Wing: Lanzadera Clase Ípsilon,https://mathom.es/es/el-imperio/37540-star-wars-x-wing-lanzadera-clase-ipsilon-8435407613164.html,"23,97 €", En stock 
Star Wars X-Wing: Caza Tie de Sabine,https://mathom.es/es/la-alianza-rebelde/37539-star-wars-x-wing-caza-tie-de-sabine-8435407613140.html,"8,97 €", Agotado 
Star Wars X-Wing: Kit Mejora Selector...,https://mathom.es/es/caja-basica-y-accesorios/37091-star-wars-x-wing-kit-mejora-selector-de-maniobra-imperial-841333100773.html,"5,97 €", Agotado 
Star Wars X-Wing: Crucero C-ROC,https://mathom.es/es/escoria-y-villanos/37994-star-wars-x-wing-crucero-c-roc-8435407614451.html,"41,97 €", En stock 
Star Wars X-Wing: Kit Mejora Selector...,https://mathom.es/es/caja-basica-y-accesorios/37090-star-wars-x-wing-kit-mejora-selector-de-maniobra-rebelde-841333100766.html,"5,97 €", En stock 
Star Wars X-Wing: Bases and Pegs (Naranja),https://mathom.es/es/caja-basica-y-accesorios/36887-star-wars-x-wing-bases-and-pegs-naranja-84133310083.html,"4,77 €", En stock 
Star Wars X-Wing: Kit Mejora Selector...,https://mathom.es/es/caja-basica-y-accesorios/37092-star-wars-x-wing-kit-mejora-selector-de-maniobra-escoria-841333100780.html,"5,97 €", En stock 
Star Wars X-Wing: TIE de las Fuerzas...,https://mathom.es/es/el-imperio/37010-star-wars-x-wing-tie-de-las-fuerzas-especiales-8435407610163.html,"8,98 €", En stock 
Star Wars X-Wing: Z-95 Cazacabezas,https://mathom.es/es/la-alianza-rebelde/32303-star-wars-x-wing-z-95-cazacabezas-8435407601376.html,"8,98 €", En stock 
Star Wars X-Wing: Ala-E,https://mathom.es/es/la-alianza-rebelde/32304-star-wars-x-wing-ala-e-8435407601390.html,"8,97 €", Agotado 
Star Wars X-Wing: TIE Fantasma,https://mathom.es/es/el-imperio/32301-star-wars-x-wing-tie-fantasma-8435407601406.html,"8,98 €", En stock 
Star Wars X-Wing: Bombardero TIE,https://mathom.es/es/el-imperio/31560-star-wars-x-wing-bombardero-tie-8435407601222.html,"8,98 €", En stock 
Star Wars X-Wing: Ases Imperiales,https://mathom.es/es/el-imperio/31498-star-wars-x-wing-ases-imperiales-8435407605855.html,"17,97 €", En stock 
Star Wars X-Wing: Víbora Estelar,https://mathom.es/es/escoria-y-villanos/34381-star-wars-x-wing-vibora-estelar-8435407603431.html,"11,97 €", En stock 
Star Wars X-Wing: Interceptor Tie,https://mathom.es/es/el-imperio/32045-star-wars-x-wing-interceptor-tie-8435407601192.html,"8,98 €", En stock 
Star Wars X-Wing: IG-2000,https://mathom.es/es/escoria-y-villanos/34383-star-wars-x-wing-ig-2000.html,"17,94 €", En stock 
Star Wars X-Wing: Los más Buscados,https://mathom.es/es/escoria-y-villanos/34384-star-wars-x-wing-los-mas-buscados-8435407602762.html,"23,97 €", Agotado 
Star Wars X-Wing: Ases Rebeldes,https://mathom.es/es/la-alianza-rebelde/33000-star-wars-x-wing-ases-rebeldes-8435407601796.html,"17,97 €", En stock 
Star Wars X-Wing: Diente de Perro,https://mathom.es/es/escoria-y-villanos/35303-star-wars-x-wing-diente-de-perro-8435407604643.html,"23,97 €", En stock 
Star Wars X-Wing: Tantive IV,https://mathom.es/es/la-alianza-rebelde/31866-star-wars-x-wing-tantive-iv-8435407600782.html,"53,97 €", En stock 
Star Wars X-Wing: Defensor Tie,https://mathom.es/es/el-imperio/32302-star-wars-x-wing-defensor-tie-8435407601383.html,"8,98 €", Agotado 
Star Wars Imperial Assault: Greedo,https://mathom.es/es/escoria-y-villanos/37774-star-wars-imperial-assault-greedo-8435407612891.html,"5,97 €", En stock 
Star Wars Imperial Assault: Regreso a Hoth,https://mathom.es/es/caja-basica-expansiones-y-accesorios/36924-star-wars-imperial-assault-regreso-a-hoth-8435407609068.html,"35,97 €", Agotado 
Star Wars Imperial Assault: El Reino de...,https://mathom.es/es/caja-basica-expansiones-y-accesorios/38118-star-wars-imperial-assault-el-reino-de-jabba-8435407613751.html,"35,97 €", Agotado 
Star Wars Imperial Assault: Han Solo,https://mathom.es/es/la-alianza-rebelde/35597-star-wars-imperial-assault-han-solo-8435407604827.html,"5,97 €", Agotado 
Star Wars Imperial Assault: Guerreros...,https://mathom.es/es/la-alianza-rebelde/36255-star-wars-imperial-assault-guerreros-wookiee.html,"9,22 €", En stock 
Star Wars Imperial Assault: Chewbacca,https://mathom.es/es/la-alianza-rebelde/35598-star-wars-imperial-assault-chewbacca-8435407604841.html,"5,97 €", En stock 
Star Wars Imperial Assault: Jinete de...,https://mathom.es/es/escoria-y-villanos/36393-star-wars-imperial-assault-jinete-de-bantha-8435407608757.html,"11,97 €", En stock 
Star Wars Imperial Assault: Hondo Ohnaka,https://mathom.es/es/escoria-y-villanos/39720-star-wars-imperial-assault-hondo-ohnaka-8435407621275.html,"7,77 €", En stock 
Star Wars Imperial Assault: General Sorin,https://mathom.es/es/el-imperio/36916-star-wars-imperial-assault-general-sorin-8435407609082.html,"5,97 €", Agotado 
Star Wars Imperial Assault: Agente Blaise,https://mathom.es/es/el-imperio/37188-star-wars-imperial-assault-agente-blaise-8435407611757.html,"5,97 €", Agotado 
Star Wars Imperial Assault: Sombras...,https://mathom.es/es/caja-basica-expansiones-y-accesorios/35296-star-wars-imperial-assault-sombras-gemelas-5683340050284.html,"23,97 €", Agotado 
Star Wars Imperial Assault: Boba Fett,https://mathom.es/es/escoria-y-villanos/35501-star-wars-imperial-assault-boba-fett-8435407606579.html,"5,97 €", Agotado 
Star Wars Imperial Assault: R2D2 & C3PO,https://mathom.es/es/la-alianza-rebelde/35503-star-wars-imperial-assault-r2d2-c3po-8435407606593.html,"7,77 €", Agotado 
Star Wars Imperial Assault: Obi-Wan Kenobi,https://mathom.es/es/la-alianza-rebelde/37772-star-wars-imperial-assault-obi-wan-kenobi-8435407612853.html,"5,97 €", Agotado 
Star Wars Imperial Assault: Jabba el Hutt,https://mathom.es/es/escoria-y-villanos/38122-star-wars-imperial-assault-jabba-el-hutt-8435407613836.html,"8,97 €", En stock 
Star Wars Imperial Assault: Jawa Carroñero,https://mathom.es/es/escoria-y-villanos/38086-star-wars-imperial-assault-jawa-carronero-8435407615410.html,"5,97 €", Agotado 
Star Wars Imperial Assault: Soldados de...,https://mathom.es/es/la-alianza-rebelde/36919-star-wars-imperial-assault-soldados-de-la-base-eco-8435407609143.html,"7,77 €", En stock 
Star Wars Imperial Assault: Thrawn,https://mathom.es/es/el-imperio/39719-star-wars-imperial-assault-thrawn-8435407621268.html,"7,77 €", Agotado 
Star Wars Imperial Assault: Ezra...,https://mathom.es/es/la-alianza-rebelde/39717-star-wars-imperial-assault-ezra-bridger-y-kanan-jarrus-8435407621244.html,"9,57 €", Agotado 
Star Wars Imperial Assault:...,https://mathom.es/es/la-alianza-rebelde/35500-star-wars-imperial-assault-saboteadores-rebeldes-8435407604889.html,"7,77 €", Agotado 
Star Wars Imperial Assault: Soldados de...,https://mathom.es/es/el-imperio/36254-star-wars-imperial-assault-soldados-de-asalto-8435407607330.html,"8,97 €", Agotado 
Star Wars Imperial Assault: Asesinos a...,https://mathom.es/es/escoria-y-villanos/36256-star-wars-imperial-assault-asesinos-a-sueldo-8435407607378.html,"7,77 €", Agotado 
Star Wars Imperial Assault:...,https://mathom.es/es/la-alianza-rebelde/36392-star-wars-imperial-assault-contrabandista-de-la-alianza-0806283244342.html,"5,97 €", En stock 
Star Wars Imperial Assault: Dengar,https://mathom.es/es/escoria-y-villanos/36917-star-wars-imperial-assault-dengar-8435407609105.html,"5,97 €", Agotado 
Star Wars Imperial Assault: Leia Organa,https://mathom.es/es/la-alianza-rebelde/36918-star-wars-imperial-assault-leia-organa-8435407609129.html,"5,97 €", Agotado 
Star Wars Imperial Assault: El Gambito...,https://mathom.es/es/caja-basica-expansiones-y-accesorios/37190-star-wars-imperial-assault-el-gambito-de-bespin-8435407610965.html,"23,97 €", Agotado 
Star Wars Imperial Assault: Bossk,https://mathom.es/es/escoria-y-villanos/37187-star-wars-imperial-assault-bossk-8435407611733.html,"5,97 €", Agotado 
Star Wars Imperial Assault: Lando...,https://mathom.es/es/la-alianza-rebelde/37189-star-wars-imperial-assault-lando-calrissian-8435407611771.html,"5,97 €", En stock 
Star Wars Imperial Assault:...,https://mathom.es/es/el-imperio/37186-star-wars-imperial-assault-infiltradores-de-la-osi-8435407611795.html,"7,77 €", Agotado 
Star Wars Imperial Assault: El Gran...,https://mathom.es/es/el-imperio/37773-star-wars-imperial-assault-el-gran-inquisidor-8435407612877.html,"5,97 €", En stock 
Star Wars Imperial Assault: Luke Skywalker,https://mathom.es/es/la-alianza-rebelde/38119-star-wars-imperial-assault-luke-skywalker-8435407613775.html,"5,97 €", Agotado 
Star Wars Imperial Assault: BT-1 y 0-0-0,https://mathom.es/es/el-imperio/38085-star-wars-imperial-assault-bt-1-y-0-0-0-8435407615397.html,"7,77 €", En stock 
Star Wars Imperial Assault: Ahsoka Tano,https://mathom.es/es/la-alianza-rebelde/38298-star-wars-imperial-assault-ahsoka-tano-8435407616523.html,"5,97 €", Agotado 
Star Wars Imperial Assault: El...,https://mathom.es/es/caja-basica-expansiones-y-accesorios/38295-star-wars-imperial-assault-el-corazon-del-imperio-8435407616462.html,"35,97 €", En stock 
Runewars: Elfos Latari...,https://mathom.es/es/runewars/38114-runewars-elfos-latari-expansion-de-ejercito-8435407615809.html,"35,97 €", Agotado 
Runewars: Maegan Cyndewin,https://mathom.es/es/runewars/38349-runewars-maegan-cyndewin-8435407615908.html,"14,97 €", En stock 
Runewars: Caballeros de la Muerte,https://mathom.es/es/runewars/38326-runewars-caballeros-de-la-muerte-8435407615946.html,"14,97 €", Agotado 
Runewars: Ballesteros Pesados,https://mathom.es/es/runewars/38325-runewars-ballesteros-pesados-8435407615922.html,"14,97 €", Agotado 
Runewars: Jinetes de Leonx,https://mathom.es/es/runewars/38347-runewars-jinetes-de-leonx-8435407615861.html,"14,97 €", Agotado 
Runewars: Grupo de Mando de...,https://mathom.es/es/runewars/38345-runewars-grupo-de-mando-de-infanteria-de-elfos-latari-8435407615823.html,"14,97 €", En stock 
Runewars: Pack de Componentes Básicos,https://mathom.es/es/runewars/38113-runewars-pack-de-componentes-basicos-8435407615786.html,"14,97 €", En stock 
Runewars: Reanimados,https://mathom.es/es/runewars/37989-runewars-reanimados-8435407614963.html,"14,97 €", Agotado 
Runewars: Grupo de Mando de...,https://mathom.es/es/runewars/37892-runewars-grupo-de-mando-de-infanteria-de-waiqar-8435407614925.html,"14,97 €", Agotado 
Runewars: Lanceros,https://mathom.es/es/runewars/37983-runewars-lanceros-8435407614864.html,"14,97 €", Agotado 
Runewars: Golems Rúnicos,https://mathom.es/es/runewars/38074-runewars-golems-runicos-8435407614802.html,"20,97 €", En stock 
Runewars: Pack de Dados,https://mathom.es/es/runewars/38073-runewars-pack-de-dados-841333102609.html,"4,77 €", En stock 
Runewars: Ankaur Maro,https://mathom.es/es/runewars/37984-runewars-ankaur-maro-8435407614949.html,"14,97 €", En stock 
Runewars: Uthuk Y'llan...,https://mathom.es/es/runewars/38502-runewars-uthuk-y-llan-expansion-de-ejercito-8435407616998.html,"35,97 €", Agotado 
Junk Orbit,https://mathom.es/es/junk-orbit/42161-junk-orbit-8436564810892.html,"16,22 €", En stock 
Villainous Disney (Francés),https://mathom.es/es/villainous/43296-villainous-disney-frances-4005556260676.html,"29,67 €", En stock 
Runewars: El Juego de Miniaturas,https://mathom.es/es/runewars/37644-runewars-el-juego-de-miniaturas-8435407614574.html,"59,97 €", En stock 
Fundas FFG Ilustradas: El Ojo de Sauron,https://mathom.es/es/accesorios-y-print-on-demand/23774-fundas-ffg-ilustradas-el-ojo-de-sauron-9781616611125.html,"3,49 €", En stock 
Batti Burri,https://mathom.es/es/bati-burri/37428-batti-burri-4007396207132.html,"10,77 €", En stock 
Deja-Vu,https://mathom.es/es/deja-vu/38693-deja-vu-8437015001128.html,"5,39 €", En stock 
Kameleo,https://mathom.es/es/kameleo/42286-kameleo-3664824000607.html,"5,98 €", En stock 
Karma,https://mathom.es/es/karma/41766-karma-8437015001807.html,"6,47 €", En stock 
Narabi,https://mathom.es/es/narabi/41764-narabi-8437015001623.html,"5,98 €", En stock 
Bohnanza de las Galaxias,https://mathom.es/es/bohnanza/35479-bohnanza-de-las-galaxias-4007396079906.html,"3,89 €", En stock 
450 Cosas que Hacer en tu Vida,https://mathom.es/es/450-cosas-que-hacer-en-tu-vida/40148-450-cosas-que-hacer-en-tu-vida-8437015001432.html,"7,48 €", En stock 
Halli Galli Party,https://mathom.es/es/halli-galli/40588-halli-galli-party-8437015001098.html,"5,69 €", En stock 
La Fiesta,https://mathom.es/es/la-fiesta/39320-la-fiesta-8437015001241.html,"10,98 €", En stock 
Maki Stack,https://mathom.es/es/maki-stack/40589-maki-stack-8437015001500.html,"12,48 €", En stock 
Panic Diner,https://mathom.es/es/panic-diner/42279-panic-diner-3664824000546.html,"10,97 €", En stock 
El Portal de Molthar,https://mathom.es/es/el-portal-de-molthar/36057-el-portal-de-molthar-4007396207149.html,"6,48 €", En stock 
Esbirros,https://mathom.es/es/esbirros/38867-esbirros-8437015001159.html,"16,98 €", Agotado 
Reinos de Papel,https://mathom.es/es/reinos-de-papel/39396-reinos-de-papel-8437015001302.html,"16,48 €", En stock 
Reinos de Papel: Más Allá de las Puertas,https://mathom.es/es/reinos-de-papel/41175-reinos-de-papel-mas-alla-de-las-puertas-8437015001531.html,"8,48 €", En stock 
Ilos,https://mathom.es/es/ilos/39580-ilos-8437015001272.html,"16,98 €", En stock 
Loser,https://mathom.es/es/loser/41469-loser-8437015001586.html,"5,98 €", En stock 
Manhattan,https://mathom.es/es/manhattan/40091-manhattan-3770000282528.html,"23,62 €", En stock 
Matrioska,https://mathom.es/es/matrioska/38700-matrioska-8437015001944.html,"4,78 €", En stock 
Saboteur: Las Minas Perdidas,https://mathom.es/es/saboteur/40267-saboteur-las-minas-perdidas-8437015001494.html,"12,98 €", Agotado 
TonTon,https://mathom.es/es/tonton/41559-tonton-8437015001593.html,"6,48 €", En stock 
Vektorace,https://mathom.es/es/vektorace/40560-vektorace-8052747090099.html,"17,48 €", En stock 
Shrimp (Nueva Edición),https://mathom.es/es/shrimp/43332-shrimp-nueva-edicion-8437015001449.html,"8,98 €", En stock 
Días de Ira: Budapest 1956 (+ Carta Promo),https://mathom.es/es/dias-de-ira-budapest-1956/37598-dias-de-ira-budapest-1956-0806802975757.html,"19,98 €", Agotado 
Cosmogenesis,https://mathom.es/es/cosmogenesis/38481-cosmogenesis-806802975818.html,"19,95 €", Agotado 
Flick' em Up! Tierra de Forajidos,https://mathom.es/es/flick-em-up/36807-flick-em-up-tierra-de-forajidos-7628454352532.html,"19,95 €", Agotado 
Flick' em Up!: Dead of Winter,https://mathom.es/es/flick-em-up/38235-flick-em-up-dead-of-winter-0806802975818.html,"24,98 €", Agotado 
Abyss (Caja con desperfectos),https://mathom.es/es/abyss/43336-abyss-0753153818595.html,"35,10 €", En stock 
Raid & Trade,https://mathom.es/es/raid-trade/35561-raid-trade.html,"46,76 €", En stock 
El Señor de los Anillos LCG: Caja Básica,https://mathom.es/es/caja-basica-y-expansiones/5590-el-senor-de-los-anillos-lcg-caja-basica-8435407610347.html,"29,96 €", Agotado 
Dragon Ball Z: Célula Perfecto,https://mathom.es/es/dragon-ball-z/42563-dragon-ball-z-celula-perfecto-8435450218965.html,"29,96 €", En stock 
"Warhammer 40,000: Sangre del Fénix",https://mathom.es/es/cajas-de-inicio-y-guias/42260-warhammer-40000-sangre-del-fenix-5011921122851.html,"140,40 €", En stock 
Star Wars LCG: Caja Básica (Caja Golpeada),https://mathom.es/es/ofertas/37212-star-wars-lcg-caja-basica-9781616613815.html,"27,97 €", En stock 
Clank! Tesoros Sumergidos,https://mathom.es/es/clank/42212-clank-tesoros-sumergidos-8436017226171.html,"24,00 €", En stock 
La Escalera Encantada,https://mathom.es/es/la-escalera-encantada/31796-la-escalera-encantada-8436017221275.html,"24,00 €", En stock 
El Laberinto Mágico,https://mathom.es/es/el-laberinto-magico/34431-el-laberinto-magico-8436017220018.html,"31,50 €", En stock 
Fila Filo,https://mathom.es/es/fila-filo/35334-fila-filo-8436017222937.html,"28,00 €", En stock 
EXIT 4: El Castillo Prohibido,https://mathom.es/es/exit/39208-exit-4-el-castillo-prohibido-8436017226713.html,"12,00 €", En stock 
EXIT 8: Muerte en el Orient Express,https://mathom.es/es/exit/40035-exit-8-muerte-en-el-orient-express-8436017227130.html,"12,00 €", En stock 
Concordia (5ª Edición) (Caja golpeada),https://mathom.es/es/ofertas/42804-concordia-5-edicion-8437013454063.html,"38,99 €", En stock 
Batman Miniature Game: The Comedian...,https://mathom.es/es/watchmen/36203-batman-miniature-game-the-comedian.html,"10,80 €", En stock 
Lobo,https://mathom.es/es/sidekicks/36587-lobo.html,"10,80 €", En stock 
Classic Harley Quinn,https://mathom.es/es/sidekicks/35052-classic-harley-quinn.html,"10,80 €", En stock 
Green Arrow,https://mathom.es/es/sidekicks/35051-green-arrow.html,"10,80 €", En stock 
The Penguin (TV Show),https://mathom.es/es/lideres/35658-the-penguin-tv-show.html,"10,80 €", En stock 
Joker (Heath Ledger),https://mathom.es/es/lideres/35050-joker-heath-ledger.html,"10,80 €", En stock 
Joker (Titan Form),https://mathom.es/es/lideres/36071-joker-titan-form.html,"27,00 €", En stock 
Arrow (TV Show),https://mathom.es/es/lideres/35657-arrow-tv-show.html,"10,80 €", En stock 
Batman (The Dark Knight Rises),https://mathom.es/es/lideres/35049-batman-the-dark-knight-rises.html,"10,80 €", En stock 
Poison Ivy,https://mathom.es/es/lideres/36029-poison-ivy.html,"10,80 €", En stock 
Bane (The Dark Knight Rises),https://mathom.es/es/lideres/35553-bane-the-dark-knight-rises.html,"10,80 €", En stock 
Ra's Al Ghul Arkham City,https://mathom.es/es/lideres/36072-ra-s-al-ghul-arkham-city.html,"10,80 €", En stock 
Batman (Frank Miller Version),https://mathom.es/es/lideres/35048-batman-frank-miller-version.html,"10,80 €", En stock 
Kiwis Voladores,https://mathom.es/es/ofertas/43451-kiwis-voladores-8437015001050.html,"7,19 €", En stock 
Mindo: Gatos,https://mathom.es/es/mindo/41457-mindo-gatos-3664824000072.html,"4,78 €", En stock 
Mindo: Perros,https://mathom.es/es/mindo/41458-mindo-perros-3664824000089.html,"4,78 €", En stock 
Mindo: Robots,https://mathom.es/es/mindo/41463-mindo-robots-3664824000102.html,"4,78 €", En stock 
Mindo: Unicornios,https://mathom.es/es/mindo/41464-mindo-unicornios-3664824000096.html,"4,78 €", En stock 
Brain Connect,https://mathom.es/es/ofertas/43452-brain-connect-8437015001517.html,"11,48 €", En stock 
Pathfinder: Skull & Shackles (Pack...,https://mathom.es/es/pathfinder/34646-pathfinder-skull-shackles-pack-4-mini-tapetes.html,"10,50 €", En stock 
Pathfinder: Skull & Shackles (Pack...,https://mathom.es/es/pathfinder/34647-pathfinder-skull-shackles-pack-7-mini-tapetes-074427843762.html,"17,50 €", En stock 
